density,avg_speed,flow_conflict,reverse_flow_detected,capacity_ratio,surge_score,risk_score
2.5599706536604936,0.8478560467509377,0,0,0.5119941307320988,0.8661761457749352,32.188045501005014
3.8061325645876485,0.6161805850688362,0,0,0.7612265129175297,0.5247564316322378,32.41359519788451
2.8756976025316368,0.9326621339191461,0,0,0.5751395205063273,0.3663618432936917,19.529806876663386
3.0083849131936975,0.7877973222234465,0,0,0.6016769826387395,0.046450412719997725,24.14633245080628
3.841496685457911,0.6068504211907867,0,0,0.7682993370915823,0.4401524937396013,37.28252348848595
1.1712102916462834,1.1996418315304187,1,0,0.23424205832925668,0.662522284353982,38.11419485755321
2.21441091849176,1.2350946412560082,0,1,0.44288218369835197,0.7751328233611146,51.90242767698831
5.66724417860304,0.2706973459916402,1,0,1.0,0.1959828624191452,90.0
0.7487500890079594,1.2545481529890403,0,0,0.14975001780159186,0.3567533266935893,4.259373669312004
2.0451398032805943,0.9596250589037438,1,0,0.40902796065611885,0.9868869366005173,49.656998202484004
4.7473462311316155,0.5021536527280877,0,0,0.9494692462263231,0.07404465173409036,90.0
2.471561506993499,0.8356042052976316,0,0,0.4943123013986998,0.32518332202674705,26.577268282494977
4.5128339808593525,0.5739601577493767,0,0,0.9025667961718705,0.713244787222995,90.0
4.684317767392936,0.5890848314042321,0,0,0.9368635534785872,0.42754101835854963,90.0
0.6398051970925236,1.2457428199523326,0,1,0.12796103941850473,0.24929222914887494,32.38798628623847
2.7571060766959636,0.8302959968310544,0,0,0.5514212153391927,0.16122128725400442,24.692906980766715
5.613337087884152,0.30518170718747106,1,0,1.0,0.18657005888603584,90.0
5.409074491694878,0.4197525825111089,1,0,1.0,0.11005192452767676,90.0
1.7536433939806793,1.216097142935415,1,0,0.35072867879613584,0.5107473025775657,38.76890261322576
2.7957605173182847,0.8532913700635538,0,1,0.559152103463657,0.32320293202075523,43.26182017565956
3.3533484195885137,0.6868188030131459,1,1,0.6706696839177028,0.25178229582536416,92.86600832913723
3.23486678240812,0.7025267611153609,0,0,0.646973356481624,0.5026790232288615,26.213908107677
0.7831331318749415,1.365931038942195,0,0,0.1566266263749883,0.489452760277563,11.787608748332472
5.921077497608304,0.2587466976226855,0,0,1.0,0.7282163486118596,90.0
2.522807229955893,1.0573988338799587,0,0,0.5045614459911786,0.835302495589238,35.75849105749743
2.264290357344547,1.1383845176784766,0,0,0.45285807146890944,0.22649577519793795,22.741826791922417
4.048450347251974,0.652247806195131,0,1,0.8096900694503948,0.13752094414599325,66.74320286790861
2.3758649307764217,0.9487701131677316,0,0,0.47517298615528436,0.5552008115994623,27.183553883562745
3.4130781809580357,0.7231635235629207,1,1,0.6826156361916071,0.6331014572732679,92.56460225742325
2.3646638507678537,1.0837256979722312,1,0,0.4729327701535707,0.7798755458576239,44.782195519041124
4.0311740538485825,0.6312447697132219,0,0,0.8062348107697165,0.6635017691080558,41.560350643867466
0.5278387111542028,1.397862124505393,0,0,0.10556774223084056,0.22426930946055978,2.1914910505508596
4.416985717411447,0.4681687881963674,0,0,0.8833971434822894,0.8492234104941779,90.0
4.116870907651888,0.5248771131182346,0,0,0.8233741815303777,0.24398964337908358,33.06138841396271
5.851558051138451,0.28295111260481265,0,0,1.0,0.5026370931051921,90.0
3.672971365444975,0.5794338782275815,0,0,0.734594273088995,0.02431596643145384,25.937420430207396
4.050097627489423,0.5990479308417942,1,1,0.8100195254978846,0.8530094554673601,100.0
2.1194689063827212,1.1173625340635067,0,0,0.42389378127654426,0.5568012624583502,21.819734431132773
5.648851257884296,0.30765871835353553,0,0,1.0,0.9900538501042633,90.0
1.2704620838008822,1.305092222272796,0,0,0.25409241676017646,0.7024840839871093,19.635939284331357
2.4772013317086534,1.027425463820621,1,0,0.49544026634173066,0.9132405525564713,48.62340012036953
3.3123831937351578,0.8862642036449475,0,0,0.6624766387470316,0.795792669436101,35.15279788865015
5.395029379996615,0.22088830666794357,0,0,1.0,0.035942273796742086,90.0
3.060789099728531,0.6835466776612834,0,0,0.6121578199457062,0.03734818874921442,23.414964697084468
5.02430308362812,0.32320369971147567,0,0,1.0,0.21582102749684318,90.0
3.9258976170045012,0.8274254008504067,0,0,0.7851795234009002,0.9758520794625346,49.49271954425166
3.339651915656574,0.8491181580751499,0,0,0.6679303831313148,0.07845638134226596,22.04013013982718
0.6394290887850163,1.297580074246756,0,0,0.12788581775700325,0.25024289816459533,14.874854016396661
3.5207466558836624,0.8010662709125996,0,1,0.7041493311767325,0.7378969166957685,80.77930776311366
3.5489472888127036,0.6130850551703334,0,0,0.7097894577625408,0.7578461104643691,43.58518586966185
0.5791641874636573,1.353592521861462,0,0,0.11583283749273146,0.4734717707805657,18.644248595843305
1.4526102845050834,1.0208288116842696,0,0,0.2905220569010167,0.04530400977204452,5.647060771742492
2.5603693804455916,0.9413994484865175,1,0,0.5120738760891184,0.1629344270814297,49.75858978314188
0.8881281107023642,1.2884152135789557,0,1,0.17762562214047284,0.575474177875879,35.09259587152337
2.6349345941358706,0.871103695068402,0,1,0.5269869188271741,0.38610263780077425,52.68135229242771
5.786548101031528,0.18804479648887498,0,0,1.0,0.023271935735825866,90.0
4.979576654239147,0.3547141628748852,0,0,0.9959153308478295,0.877472013527053,90.0
4.542890740921372,0.4501879684160891,0,0,0.9085781481842744,0.806834739267264,90.0
5.947778281003703,0.05,0,0,1.0,0.9307573256035647,90.0
5.221270135136565,0.4755493523371018,0,0,1.0,0.9025529066795667,90.0
3.278888048463214,0.7367895818511241,1,0,0.6557776096926429,0.01083765148029836,46.91135306257097
5.4796008703059504,0.2728045715496076,1,1,1.0,0.5734378881232861,100.0
3.975104666933896,0.4821133652637257,0,0,0.7950209333867793,0.75237452943768,37.32425656294284
4.853684740492167,0.37625763084436986,0,0,0.9707369480984334,0.8877041827582998,90.0
2.430032569036433,1.0145001421300188,0,0,0.48600651380728654,0.70096913145912,32.95628810754178
0.9001965350030644,1.346685498508488,0,0,0.18003930700061288,0.9866395785011755,24.591135788261
2.558489376658662,1.0294806842078084,1,1,0.5116978753317324,0.7533781852589416,67.30057149319347
2.5694277204200366,0.7717598267098208,1,0,0.5138855440840073,0.49262510429085915,51.65549972947384
0.5624450462208048,1.3216746817418106,0,0,0.11248900924416097,0.6492103021160636,13.482487913143334
4.603246835959828,0.5267006147928703,0,0,0.9206493671919656,0.8685991281894603,90.0
1.7297771118569896,1.1250212485529727,1,0,0.3459554223713979,0.5538542844013208,44.3502712744526
5.831163945905044,0.39920483570626664,0,0,1.0,0.6275580800840634,90.0
3.7137287155770515,0.6741051277226878,0,0,0.7427457431154103,0.1881211597237613,32.723154910820185
3.050341227169902,0.9115329623440597,0,1,0.6100682454339804,0.9862107444796029,68.90502445739929
4.339889427108599,0.3922078046709707,1,0,0.8679778854217197,0.1626169393448913,90.0
5.510099514716133,0.34713514808480794,0,1,1.0,0.8660638895004084,100.0
0.7487026855840417,1.3293965199081583,1,1,0.14974053711680835,0.15041689110352818,46.36828740969237
3.7677189344367434,0.6983756103086327,1,0,0.7535437868873487,0.4686931597949703,53.05877591065531
2.7815072628571587,0.8793781090443167,1,0,0.5563014525714317,0.9997176732861306,54.24437610610137
5.981502603906479,0.3053680929752862,1,0,1.0,0.24734810174319766,90.0
2.9779927442055145,0.7353543870314383,0,0,0.5955985488411029,0.3581627180328405,28.360357219832025
1.1245667570979596,1.271982008325098,0,0,0.22491335141959193,0.8521815003185401,28.84428548898477
3.5354876132596704,0.8043191128070387,0,0,0.707097522651934,0.028782676313338973,25.844505967550376
4.6532549062049045,0.5954075345456793,0,0,0.9306509812409809,0.014544665667881929,90.0
2.4282315734362836,0.8273192055427722,0,1,0.4856463146872567,0.34825546702330035,47.99880818733074
3.3269421903789596,0.729135558433209,0,0,0.665388438075792,0.9495206236576421,42.86918725097389
1.3089041451097088,1.2108636273850693,0,0,0.2617808290219418,0.980032575285477,27.04843936383542
3.209399516960783,0.8837463210524694,0,0,0.6418799033921566,0.12887972191064923,18.63420940540123
1.2042521142677485,1.1469643824733264,0,0,0.24085042285354968,0.47396164026287235,17.489882503510497
4.17156756186565,0.5465204587343037,0,0,0.8343135123731299,0.2785903390319586,31.477142626664513
1.4735576635221075,1.0610902044865345,0,0,0.2947115327044215,0.6903948286293653,19.904694778442064
0.7162167691260442,1.3835994300475134,0,0,0.14324335382520884,0.9208724005318132,23.645143682162807
0.8359287792017507,1.3842040097436557,0,0,0.16718575584035014,0.2093493233367103,6.510286414320699
2.537596565352601,1.1316600950944755,0,0,0.5075193130705202,0.7474709381337565,27.732342971005785
0.7017576158982884,1.4137254918926827,1,0,0.14035152317965768,0.5321134852653157,28.942262207081587
1.0894460623687683,1.3822248590943755,0,0,0.21788921247375365,0.37728416310462265,3.4583966556967987
0.610391587777495,1.2808128400532237,0,0,0.122078317555499,0.890527280739895,15.013156941088825
3.7647584945472676,0.7561796109233143,0,0,0.7529516989094536,0.5371065418185478,37.02444463445038
3.727626149114835,0.6446818824848543,0,0,0.745525229822967,0.3630822963986351,37.86777022163849
4.052544827323807,0.45533793156729396,1,0,0.8105089654647614,0.23722679173599448,55.69135397954847
1.0598035994122206,1.2301944159028013,0,0,0.2119607198824441,0.2850951686938471,9.191081005275649
1.4535547741211516,0.9799971879603695,1,0,0.2907109548242303,0.39785559904574164,38.881286210754865
5.832087383014529,0.23592672651758306,0,0,1.0,0.668643219924431,90.0
5.611567940201722,0.4289206923302057,0,0,1.0,0.18704374855752337,90.0
2.2802358002233403,1.0207287119338018,0,0,0.45604716004466805,0.6106200424416326,14.157131860349065
2.0874680428214067,0.9496256922921,0,0,0.41749360856428136,0.05182353682242691,16.460600014899295
2.351323530066563,0.9345513290736454,0,0,0.4702647060133126,0.5956387406078443,28.434850198125044
3.093669037025871,0.6777733567869569,1,0,0.6187338074051743,0.9650269106665126,52.000570643041605
1.183634729170496,1.2531787023337209,0,0,0.2367269458340992,0.741120649290059,19.759828520126955
3.6596021224895154,0.6852994595030586,0,0,0.7319204244979031,0.1636559428657045,28.526971841264096
1.4034618886204613,1.2347170367406008,0,0,0.2806923777240923,0.8772005408131083,27.121925040862244
2.6584480908244945,0.8951316119326503,0,0,0.5316896181648989,0.3013778741641421,28.334014480882793
4.611851590969382,0.35897249504725387,1,0,0.9223703181938763,0.5435528611139886,90.0
5.4855966103050084,0.2223834703794594,1,0,1.0,0.3349056146570861,90.0
1.2659963996486299,1.26223104138419,0,0,0.25319927992972596,0.7885972112245307,25.680241186835264
1.3342118385301314,1.1191621605398934,0,0,0.26684236770602626,0.5698896848713165,14.61982238573709
4.693522771573798,0.439622851551928,1,0,0.9387045543147596,0.8464522917345182,90.0
1.2011876428259032,1.3386967156862688,0,0,0.24023752856518063,0.7222525683930663,17.463551792694755
4.460200951003409,0.629628056482538,0,0,0.8920401902006818,0.34569599350391944,90.0
1.4987874424078411,1.183914298956744,0,0,0.29975748848156825,0.9472833396118153,28.043023784431732
1.343432717138441,1.2188872695739774,0,0,0.2686865434276882,0.8721239089441515,33.06017398772556
5.626650553659868,0.4047099676777153,1,0,1.0,0.15253904291426135,90.0
3.6695859809174722,0.5853754715741802,0,1,0.7339171961834945,0.9255685129067763,87.1179420085209
2.9796165427227264,1.047579648739999,0,0,0.5959233085445452,0.3351972416459009,27.98108509217877
4.915693967289063,0.4867270463188276,1,0,0.9831387934578126,0.3469532018962277,90.0
4.556256864603616,0.3774022883767562,0,0,0.9112513729207231,0.1763869865062233,90.0
3.2410227500671387,0.8513301237940987,0,0,0.6482045500134277,0.6322642879195304,31.54226799580512
0.572019511235835,1.292780333884485,1,0,0.11440390224716701,0.41462412372702373,32.290175669148695
0.9694231744325412,1.2867828310294147,0,0,0.19388463488650826,0.7499604703991778,18.668393200828927
1.6544807620257216,1.1268267107956993,0,0,0.3308961524051443,0.47206694510999925,19.28251600521211
3.6066262329443903,0.8176288102754572,0,0,0.7213252465888781,0.5596403313082179,23.003583172036514
1.353821352618919,1.2253466835573155,1,0,0.27076427052378377,0.27074467314355377,32.51863449199628
4.041997487814587,0.5818092749821505,0,0,0.8083994975629174,0.6589239419101514,37.89948225170234
0.6490279587691592,1.3008562407940225,0,0,0.12980559175383183,0.10410858198457384,3.1915638413611775
4.8995384695525415,0.4621397382520914,0,0,0.9799076939105082,0.24317219099945409,90.0
4.472468125206126,0.5348291728670593,0,0,0.8944936250412251,0.20498429541582097,90.0
2.1123125164355727,0.9017089126187019,1,0,0.42246250328711454,0.34181735169787597,46.97219562756802
1.9268288838721086,1.181358966210709,0,0,0.38536577677442174,0.4094116521912404,12.616548782220505
3.536259494685891,0.5817453578690508,1,0,0.7072518989371782,0.14011317576645255,44.675825159462384
5.27657386743852,0.4168995643773443,0,0,1.0,0.022469308320117398,90.0
1.9777254766172034,1.2373195582188612,0,0,0.3955450953234407,0.8349302367992991,29.057061025964998
5.914211993869537,0.09579757096811593,0,0,1.0,0.914298806560499,90.0
1.1476309558957762,1.117153750824823,0,0,0.22952619117915524,0.8297418037072016,22.68699836811646
1.6353169946833177,1.2698729367829404,0,0,0.32706339893666353,0.9144119459249598,31.44537669270218
2.8032378869064023,0.9139767811859332,0,0,0.5606475773812805,0.7380336164263704,21.21428381680258
0.9553926735881956,1.1750644144378892,0,0,0.1910785347176391,0.35567271646494913,14.346927501555548
4.454752478513351,0.5658718114631969,0,0,0.8909504957026702,0.936829739324758,90.0
4.529146534656377,0.5521931115221058,0,0,0.9058293069312754,0.5968428489168892,90.0
2.3383413994932845,0.9573910534235102,0,0,0.4676682798986569,0.49549131620619846,24.770841241996045
4.286213180352548,0.432396914908306,1,0,0.8572426360705097,0.6946964708544268,90.0
1.9967982547647949,0.9196750296420619,0,1,0.399359650952959,0.1368186309189614,40.606408057603666
5.726305446014413,0.1346649707458368,0,0,1.0,0.7322248864095612,90.0
4.936086313237974,0.5169625001600138,1,0,0.9872172626475948,0.4894249636431405,90.0
1.7166519300078122,1.1878153541693643,0,0,0.34333038600156246,0.29734900737255077,17.012189237626945
5.584179074570917,0.3618061585972096,1,0,1.0,0.8289154741506773,90.0
0.7035419909352094,1.2328079682050972,0,0,0.1407083981870419,0.6962887758781398,17.373258948787942
2.3693123007243635,0.9578691135808964,0,0,0.4738624601448727,0.7907231648389635,28.98597246093375
2.2531387661263844,1.0737306733858665,0,0,0.4506277532252769,0.02440078155653802,17.27011190781363
5.285543806455115,0.3942523297963105,0,1,1.0,0.35071181545171015,90.0
4.719535589121198,0.42091356419333864,0,0,0.9439071178242395,0.9840834691992951,90.0
4.72550377625485,0.32584354321327447,0,0,0.94510075525097,0.11047411313139466,90.0
2.450421867024271,0.8804179178079806,0,0,0.4900843734048542,0.01787393473341381,13.217414258858355
5.932473143548173,0.05,0,0,1.0,0.9499611839502253,90.0
4.824897579285536,0.4252646883054528,1,1,0.9649795158571072,0.4674015112498697,97.48296635167696
3.8737626406588923,0.7411404522057345,0,0,0.7747525281317784,0.17652803200550826,36.248693195845725
1.7126741498859643,1.1676418323696405,0,0,0.34253482997719287,0.9691026301408113,24.033776515620787
5.360822367298841,0.29074713772412936,0,0,1.0,0.15389590633985506,90.0
4.987082187448398,0.34642505985496985,0,0,0.9974164374896797,0.5800862078378112,90.0
1.0031776056876518,1.2502981247407676,0,0,0.20063552113753036,0.9556514982297534,23.692217217885023
5.241701894959978,0.39030551133195207,0,0,1.0,0.4084532130706987,90.0
2.549786843567727,1.0097749613398344,0,0,0.5099573687135454,0.22018320194981134,17.34852076859995
4.257923200127777,0.2847921896710823,0,0,0.8515846400255555,0.34780920790219305,90.0
4.22908883907485,0.4384487539904086,1,0,0.8458177678149699,0.6584518346584255,61.33059360399049
5.178199510018331,0.3932455152471975,1,0,1.0,0.6801407717603004,90.0
3.902362580183514,0.5895449263673326,1,0,0.7804725160367028,0.029247283034559146,49.67749573644598
5.041992128106195,0.3611358623288535,0,0,1.0,0.8179670241190622,90.0
5.07673797876758,0.36506055286558575,0,0,1.0,0.9811861780274235,90.0
3.974974398591676,0.6857699738360432,0,0,0.7949948797183353,0.10698063882695841,24.028536724774806
4.685653463761154,0.5121980263562935,0,0,0.9371306927522308,0.9320281055100175,90.0
1.063803503948736,1.2800068955225188,0,0,0.21276070078974718,0.7081720886452816,19.703255250830082
0.8704283080782443,1.1637090601443296,0,0,0.17408566161564887,0.8715368061523763,23.026110093086274
5.854189330475683,0.2414465286383952,0,0,1.0,0.32361021914954125,90.0
3.1875375472256615,0.8573116281970002,0,0,0.6375075094451323,0.9971245001577111,41.58990633423396
2.843997162297851,0.7759310740352076,0,0,0.5687994324595702,0.2207696127887604,22.50856304196674
0.9530957508871348,1.3800671899589783,0,1,0.19061915017742698,0.15105789178090023,34.1797139316923
2.8778414057343107,0.8577076667138142,0,0,0.5755682811468621,0.27421520234867003,26.791187884584524
5.911877063779055,0.27121812906943515,0,0,1.0,0.03113408288451136,90.0
4.0841675395673676,0.6775233617177892,0,1,0.8168335079134735,0.18552551570312115,70.00015219930788
5.277427423755859,0.3955832100736807,1,0,1.0,0.6262203216314154,90.0
1.2218468272531315,1.3311298394033138,0,0,0.24436936545062632,0.12518579220255044,12.396332941888165
4.270609079759343,0.45180430671507643,0,0,0.8541218159518685,0.5819714019143988,90.0
1.979463724393037,1.0137495778100634,0,0,0.3958927448786074,0.07244688779455888,18.925958334395066
2.6587145602367666,1.1128651537297243,0,0,0.5317429120473534,0.8601223971892046,29.529373167466296
4.789180438913424,0.4444461452711964,0,0,0.9578360877826848,0.9866625932671464,90.0
1.2837254859583227,1.4097424956360056,0,0,0.25674509719166455,0.00977084741918366,9.042228755216735
2.2955371953419554,0.9248763235868354,0,0,0.4591074390683911,0.07857849715502074,17.39807875739075
2.683078019108778,0.9253556585957995,0,0,0.5366156038217557,0.2001502442448101,17.533268687769194
1.4211542024248836,1.209386920454386,0,0,0.2842308404849767,0.9362122462436898,20.7970818482048
0.7858420600830982,1.472073156712508,1,0,0.15716841201661963,0.8017280830697918,38.95851858139564
2.3669760589854336,0.9884279363204417,1,0,0.4733952117970867,0.643577695196525,50.02307972484124
3.3952146351486228,0.7234910509215245,0,0,0.6790429270297246,0.15954468011318834,26.977870232101168
5.294809616257109,0.2526157846738233,0,0,1.0,0.498195716453139,90.0
3.554499530156972,0.6433530307538183,1,1,0.7108999060313944,0.6503256863469369,97.64968504781181
1.5974834801102982,1.1083731770802043,0,0,0.31949669602205966,0.4626229567393163,18.968108593383405
5.275498779746093,0.4140205952021491,0,0,1.0,0.3710387629846027,90.0
5.932072600548318,0.06999947896773219,0,0,1.0,0.8734232380816606,90.0
5.453860252061922,0.16951456210301846,0,1,1.0,0.21066218900566658,90.0
3.9263162095991553,0.7463547133185002,0,0,0.7852632419198311,0.909032520665641,44.22776566020786
1.4882570987863308,1.1984874484754828,0,0,0.29765141975726617,0.8707499012725114,22.313088294618023
2.94917890251466,0.6724265260616386,0,0,0.5898357805029321,0.3910815366517607,27.451274682797838
5.831767772844081,0.2815945399591888,0,0,1.0,0.13087366071834983,90.0
5.834015747931996,0.09204464341576911,0,0,1.0,0.5197739485560177,90.0
2.3535174703720747,0.9614861211117256,0,0,0.4707034940744149,0.7067772168854458,32.011028231390355
1.4187304934552243,1.2556456122386535,0,0,0.28374609869104483,0.8056701529500532,26.906169407984887
3.719449004182137,0.657456542125054,0,0,0.7438898008364274,0.05708685608931485,28.411350618375177
3.4214324040056763,0.7368115932971713,1,0,0.6842864808011353,0.5072348086883924,47.4187295002371
0.7286507247771565,1.3508442480387266,1,0,0.1457301449554313,0.5155960285792502,34.644635069414186
3.188656191413061,0.7288049367661252,0,0,0.6377312382826121,0.7046807627366467,34.504364874357435
1.610193986676216,1.1678828551388267,0,0,0.3220387973352432,0.1771497894473859,11.325750599063943
4.309442737243905,0.5494515869606145,0,0,0.861888547448781,0.5706097466388297,90.0
0.6671288283326027,1.369036936980618,0,0,0.13342576566652053,0.6588854702326572,16.350097591497057
2.666254231097872,0.8516938033651179,0,1,0.5332508462195744,0.04821203886055603,40.573473479298144
5.874458013217245,0.2880306429544475,0,0,1.0,0.7384492092513265,90.0
5.331835587157413,0.19221333923973205,0,0,1.0,0.7622851347766157,90.0
4.88797506872249,0.5278260071510821,0,0,0.977595013744498,0.0057586604981215705,90.0
2.285222064451487,0.8950093391457628,0,0,0.4570444128902974,0.44869362262253065,16.15199592814614
1.806492719808801,0.9991199757503713,0,0,0.3612985439617602,0.6682127985550163,20.264745164973405
3.90719690305288,0.4604890230838913,1,0,0.7814393806105759,0.47918187762973097,51.80613716441162
0.6410313619353962,1.2664335623700569,0,0,0.12820627238707924,0.5336025467268785,6.360074325401569
3.8434780103639454,0.7088326837612725,0,1,0.7686956020727891,0.01823258267636163,69.47970948267076
1.5767789212595036,1.132893782282832,1,0,0.3153557842519007,0.9344360268055143,46.62233096970271
2.433924779817989,0.9618416262873452,0,0,0.48678495596359783,0.3072899649262866,17.845430200213283
4.9166424380796485,0.26537041073568846,0,0,0.9833284876159297,0.27262400073353377,90.0
2.774520058389433,0.8788641388857239,0,0,0.5549040116778866,0.5251633836670602,26.66219565134509
4.39975443947338,0.544892119875764,0,1,0.879950887894676,0.4835456467199247,90.0
4.932959023763369,0.36843195435652504,0,1,0.9865918047526738,0.6016118201463312,90.0
5.005538726847346,0.37606613522298105,0,0,1.0,0.4110284698067047,90.0
5.119237165766962,0.3517419656508338,0,0,1.0,0.2748060355481361,90.0
5.024378751825231,0.5402025183343415,0,0,1.0,0.4517676787372291,90.0
3.7263465474651074,0.7221527793379091,1,0,0.7452693094930215,0.09571455552016173,44.58050250714699
0.6300122232548502,1.4593640658940243,0,0,0.12600244465097005,0.39090599590551467,16.767261750562852
3.7696198435239516,0.6958343139491184,0,0,0.7539239687047903,0.4043187681042921,32.44378523655131
2.855097882090881,0.9499891822169744,1,0,0.5710195764181762,0.10410964938416634,45.96352646133208
4.483863494208077,0.38370635979696355,0,0,0.8967726988416154,0.8941908746641183,90.0
1.555270285953086,1.0697781944633862,0,0,0.3110540571906172,0.5190597909082704,15.827594366253503
0.871869099757182,1.2584433340129086,0,0,0.1743738199514364,0.6508773690471942,18.671736493365078
3.431267826032344,0.6513128177239791,0,1,0.6862535652064687,0.6618391898493786,69.01259022484666
3.5678087955351367,0.6942421800271721,0,0,0.7135617591070273,0.9576252845053802,46.2463762052017
1.464166182967128,1.0986280486562157,0,0,0.2928332365934256,0.45037093625818514,19.522381664189822
4.658898308923853,0.5801631300082642,0,1,0.9317796617847707,0.23464208185545354,90.0
2.6962375369511946,0.9126674823486058,1,0,0.539247507390239,0.6235856880027597,51.347760797566096
0.9901843766380913,1.2399618912505115,1,0,0.19803687532761827,0.7087446977429764,39.00916744430591
0.6988820928861916,1.2605983925061897,0,0,0.13977641857723833,0.9369578230310628,15.387557588523007
3.5459123239180697,0.6520513927908861,0,0,0.7091824647836139,0.5156794276964978,26.15250049206694
5.556655852679295,0.2976401636750655,1,0,1.0,0.9305952146439163,90.0
1.1400151883701186,1.2141096820579902,1,0,0.22800303767402372,0.8059254001176211,44.73419830930231
4.845167399688838,0.39349332726392855,0,0,0.9690334799377676,0.6949510889024617,90.0
2.4035484959578204,0.9752621961368,1,0,0.4807096991915641,0.8620144822726226,50.4370456459558
5.575164547823669,0.4706540103474074,0,0,1.0,0.5025660764634424,90.0
2.692646652747722,0.8778807041320691,0,0,0.5385293305495444,0.13516628915482276,16.906767842412016
5.797133113740456,0.26525132860201966,0,0,1.0,0.5061418628402441,90.0
2.917314287481006,0.8808548102293913,0,0,0.5834628574962012,0.6502010923981534,27.00108882300465
1.3361366922075646,1.1509565873173002,1,0,0.2672273384415129,0.6950352288585532,39.52785745352148
5.9102340889487746,0.15465657823716217,0,0,1.0,0.10104581101064669,90.0
4.306887379317725,0.5537397136537486,1,0,0.8613774758635451,0.6152194382310109,90.0
2.184394914326364,1.0593952776558326,0,0,0.4368789828652728,0.8866042152404667,37.74455590408224
2.973815568517274,0.8051919433955911,0,0,0.5947631137034548,0.733614380561402,27.136757271338535
4.731176915027369,0.4567498407817949,0,0,0.9462353830054738,0.2598132087450342,90.0
4.681594027171743,0.4787569644389462,0,0,0.9363188054343485,0.24120145759954148,90.0
5.867305652005296,0.12966425791545955,0,0,1.0,0.844357082739616,90.0
1.0394541943133453,1.175875280858245,0,0,0.20789083886266907,0.47601812936876653,14.2560972500987
2.5673855683017313,0.8651895445675296,0,0,0.5134771136603462,0.9553346865039283,23.196225241303033
4.827968624404123,0.5292330189941611,0,0,0.9655937248808246,0.8408715794259226,90.0
0.7113449192927874,1.3364367050348593,0,0,0.1422689838585575,0.8951177407065364,22.091578957593544
4.001683251919641,0.5683902097961444,0,0,0.8003366503839281,0.7374337687214856,39.74687006416075
3.3172205644697095,0.7518928468974442,0,0,0.6634441128939419,0.07208433599867337,24.66198034188121
0.8919120027089222,1.2395799407471055,0,0,0.17838240054178445,0.7746535311811819,23.058432286068392
4.137538360887279,0.5536287879967474,0,0,0.8275076721774559,0.7643726622217359,38.68414450893747
1.9577553557875222,1.1178643097894345,0,0,0.3915510711575044,0.12138641815940643,20.76971930817617
3.8825713242137665,0.6971693036453432,0,0,0.7765142648427533,0.9684887775943838,46.60383928231745
4.89292805410016,0.540005323304454,0,0,0.978585610820032,0.6564786073315027,90.0
1.2045266050141001,1.279549814158898,0,0,0.24090532100282003,0.432076882944196,14.071358845017459
2.916727443319487,0.9046753682990937,0,0,0.5833454886638975,0.19747048985993731,23.969946752042578
5.378086951150983,0.20957661634647762,1,0,1.0,0.846514338690278,90.0
5.55409593501755,0.3451039105648089,0,0,1.0,0.7284906771616132,90.0
4.770460955748486,0.3673944434951286,0,1,0.9540921911496971,0.9373880664971189,90.0
0.7374555468835642,1.3302100396827852,0,0,0.14749110937671284,0.2135113663106719,8.021286323973861
3.2821898112350594,0.8174737146549764,0,0,0.6564379622470119,0.50836054691628,33.49519135910073
2.136516482253513,1.1748763761974257,1,0,0.4273032964507026,0.761121537043158,48.866633859028504
1.3803939922501516,1.1762758785856138,0,0,0.2760787984500303,0.9918099513493635,24.461413272749613
1.0454795477296874,1.3730330974036238,0,0,0.2090959095459375,0.7330712960296748,16.62317843021076
3.8879199764309846,0.6034862812477315,0,0,0.7775839952861969,0.005229613542912737,22.85299049212218
4.685449180154516,0.35321265512753386,0,0,0.9370898360309032,0.8766507618282006,90.0
5.97983885694986,0.11906061414231106,0,0,1.0,0.5930443341867842,90.0
2.6533913399780613,1.0507412903992654,0,0,0.5306782679956122,0.3554930104413574,20.90251233734633
4.868085322023964,0.4435105499716128,0,0,0.9736170644047928,0.06485359448296835,90.0
3.689910830854722,0.8371248649908727,0,0,0.7379821661709445,0.8049889996807698,45.45066939555224
1.984013960705179,1.0629535047308818,0,0,0.3968027921410358,0.3342383186960608,24.151306992347692
4.816933374113072,0.5161007219221014,0,0,0.9633866748226143,0.14745252670628395,90.0
2.305060144851214,0.9254259197892335,0,0,0.46101202897024274,0.7356631142391898,26.629396145018216
5.990911312661223,0.19718733811152808,0,0,1.0,0.785651618080232,90.0
1.1508490500786301,1.3386059553980298,0,0,0.23016981001572603,0.5877693608621982,15.655588238796128
1.5146193922350164,1.0539177738612664,0,0,0.3029238784470033,0.8316970436757735,18.37990929371485
2.001889454850468,0.9079071326283138,1,0,0.40037789097009363,0.4296568127389351,41.13927182368688
5.30001637766531,0.3044899785462285,1,0,1.0,0.4829688720853552,90.0
1.2341398482876909,1.2449441433735626,0,0,0.24682796965753817,0.7295082286523967,18.067786160413952
4.710320944451103,0.49211167079437323,0,0,0.9420641888902207,0.6569551562671395,90.0
5.761380415959019,0.15438628678634597,0,1,1.0,0.2495461998495061,90.50303255202812
1.9957234937074704,1.0366343635454591,0,0,0.39914469874149405,0.4875711936733843,27.556051539925896
0.6848748010080545,1.3574590867933887,0,0,0.1369749602016109,0.8998333456872725,13.767518226397694
0.6200286822651923,1.383359880126162,0,1,0.12400573645303845,0.05225787928602377,25.47339319680834
2.8033632549078877,0.9540286271092802,1,0,0.5606726509815776,0.6541746014740745,45.75944125158346
1.5895369801785706,1.043649279508422,1,0,0.3179073960357141,0.3495063720868188,46.028518437186804
1.1275268168836337,1.2178035309350124,0,0,0.22550536337672672,0.5612227882825249,14.143689591748743
3.3786500125590155,0.7330536980252926,0,0,0.6757300025118032,0.08172534574677826,25.48569232842128
3.0206535284076104,0.7341489833002693,1,0,0.604130705681522,0.6690223373291083,50.94797396906096
3.0426255855033397,0.9722113648434226,0,0,0.6085251171006679,0.5125026487703317,24.848427518383957
4.935219894780618,0.3624723721092203,0,0,0.9870439789561235,0.2586208348880388,90.0
1.4058849438776275,1.2836600174234096,0,0,0.2811769887755255,0.8778300781520408,19.935185990167717
5.33770020223341,0.29686808317228197,0,1,1.0,0.7720124763099904,100.0
0.649420816740579,1.352243946279473,1,0,0.1298841633481158,0.4978125080342902,29.069699540407065
1.0801053497614683,1.345447923511246,0,0,0.21602106995229367,0.9644766539008116,24.049583629709243
1.62071552520229,0.996981108583907,0,0,0.324143105040458,0.6345824175503038,21.666352155493335
4.888527877887418,0.4857550839984029,0,0,0.9777055755774835,0.6958991181688025,90.0
4.862937427410399,0.4968583531024613,1,0,0.9725874854820798,0.9835214727152221,90.0
1.2739134042681712,1.1760184595003018,1,0,0.25478268085363426,0.15210428322227287,29.13608979847929
2.9217788010259196,0.7983443505708713,1,0,0.5843557602051839,0.5052067735766382,48.8452415504034
5.819196383925437,0.2409812791236288,0,0,1.0,0.165954895295785,90.0
5.350602670675542,0.22774650986097808,0,0,1.0,0.5273996221226763,90.0
4.4564449230303715,0.4551523707692907,1,0,0.8912889846060743,0.5407937549855444,90.0
4.406335392428213,0.5063132917558735,1,0,0.8812670784856426,0.3577982653254418,90.0
3.2181684598766496,0.7521339474517414,0,0,0.6436336919753299,0.8259782127080818,38.887606565408944
1.0535061318794332,1.223005868874598,0,0,0.21070122637588665,0.7488263369633065,16.964103341195965
4.081311716849208,0.48063550677599504,1,0,0.8162623433698416,0.9791049380151545,68.23116781851704
3.987781760626553,0.6524827844207354,0,0,0.7975563521253106,0.06964114816240574,25.79882424628084
1.4618479044677766,1.1462281214557555,1,0,0.2923695808935553,0.6428819100587077,41.973222692727724
4.31782815430407,0.3951885809588148,0,0,0.8635656308608141,0.3039464012407238,90.0
4.092395347922057,0.6575618704354574,0,0,0.8184790695844114,0.9071950307058299,44.92453602259909
4.189027715482087,0.5011089117327302,0,0,0.8378055430964174,0.86456360952267,42.8921926167002
3.5065652110328367,0.7487905987139823,0,0,0.7013130422065673,0.04202467517140529,24.92254234902435
4.569472664218117,0.47696714156838965,1,0,0.9138945328436234,0.9107701616439152,90.0
4.646790469782312,0.5487991169319683,0,0,0.9293580939564624,0.11258039041193701,90.0
4.3702728760343765,0.4656836614272586,0,0,0.8740545752068754,0.46876796546450583,90.0
2.156958934180002,0.8969588740316652,0,0,0.43139178683600043,0.04814283597835345,18.937791216189748
5.4659224735559295,0.33176209281557517,0,0,1.0,0.18533017952871444,90.0
0.9343303920495574,1.353191687794017,0,0,0.18686607840991148,0.9954375161913099,18.874550239534972
5.206328516106467,0.29590468855374813,1,0,1.0,0.11493299705956683,90.0
1.016215066528459,1.29764512754765,1,0,0.2032430133056918,0.5717723520483222,38.25781288627026
3.345954934652727,0.6190873221145937,0,0,0.6691909869305455,0.6019234310151316,29.698800540447355
5.408878094751653,0.478463011251277,0,0,1.0,0.7026337730855163,90.0
1.8058840760614345,1.0254656644001598,0,0,0.3611768152122869,0.6522242595454725,22.545198715752626
5.727920789224119,0.3581837442431547,0,0,1.0,0.07093221613377343,90.0
1.8991536946301584,1.0470190902988232,0,0,0.3798307389260317,0.2768143077913058,8.61528681375042
5.8434297999557785,0.19682987384909215,0,0,1.0,0.2806832155159743,90.0
1.6384591814113474,1.123144177064444,0,0,0.3276918362822695,0.03672136250082114,12.047507727147895
1.0941416477188026,1.346047204147709,0,0,0.21882832954376052,0.29348882320812164,9.751203508123226
5.62464545688049,0.20024586733202845,0,0,1.0,0.3452231428016921,90.0
3.290765662947949,0.7745469136901658,0,1,0.6581531325895897,0.13148911989798162,69.31228168966541
2.0110233903573573,0.9473587922720332,0,1,0.4022046780714715,0.7140326444668564,37.35568523300673
3.8434786774988705,0.7281345057430761,1,0,0.7686957354997741,0.0015651051914729042,44.758338034609004
4.000207536008739,0.6315437552506817,0,0,0.8000415072017478,0.3838388830449795,31.299944537108193
3.009300799255481,0.766901992505604,0,0,0.6018601598510962,0.07100766453325547,20.902695968037705
0.9409900774504689,1.333936110243239,0,0,0.1881980154900938,0.36191999083786497,11.342497468872978
3.7651343516469615,0.688208366417268,1,0,0.7530268703293923,0.12055841640369025,51.200071108071874
5.463493190072129,0.30269957852696966,0,0,1.0,0.422034260127639,90.0
2.1227238920978593,1.2472495336295424,0,0,0.42454477841957183,0.5586423964504253,21.2960984870787
2.38742044244962,1.0432043033556953,1,0,0.477484088489924,0.42993107739014813,48.310206818608115
4.201316423169378,0.5002023304688394,0,0,0.8402632846338756,0.7983803405183525,37.006573911749214
5.023323055175531,0.24932429356820518,0,0,1.0,0.601074166800233,90.0
4.380722244541035,0.45729822254180874,0,0,0.876144448908207,0.14259414408190874,90.0
5.395533693510946,0.23583024705865663,0,0,1.0,0.6369023174547432,90.0
2.373322916197104,0.9658204848816897,0,0,0.4746645832394208,0.6057792494526903,22.844933730087476
2.50526550508647,1.1001526168450038,0,0,0.5010531010172941,0.027536719869465487,16.10152525904168
3.2800031485074745,0.7702290321255557,0,0,0.6560006297014949,0.3879867599468695,30.41685698914433
1.3801371505475672,1.052067313137281,1,0,0.27602743010951347,0.9559188289553192,42.57979335170961
2.2268169455754405,1.0292663952024599,1,1,0.4453633891150881,0.2884054378187457,63.529491189256696
5.786245169741761,0.10385274111494698,0,0,1.0,0.1541450431784871,90.0
3.5454131694690614,0.845834273990181,1,0,0.7090826338938123,0.30233324935149375,50.35470055746695
1.9263419352440196,0.9752883875539069,1,0,0.38526838704880395,0.34727703903050755,35.23339222676978
3.692571805465328,0.6738851638805645,0,0,0.7385143610930656,0.40177880065432425,27.442026523308954
5.96616613894834,0.21079239039136624,0,0,1.0,0.20131210782243325,90.0
2.6732575879537523,0.9094717890885063,0,0,0.5346515175907505,0.9640288471655137,30.902412686284233
5.502000360154831,0.3108308246106838,1,0,1.0,0.790509794274885,90.0
1.1865144768176656,1.1857279819248965,1,1,0.23730289536353313,0.14879596940511564,54.03021860157426
3.0447158278596644,0.8290847721376612,1,0,0.6089431655719328,0.37532990791960186,48.505051004071674
2.071809555392286,1.0953848843573402,0,0,0.4143619110784572,0.4923254800011819,18.986473175919446
3.675034660782222,0.7870088754269734,0,0,0.7350069321564444,0.9560471436119331,38.718358477320585
1.6026098354062153,1.2406903177473034,1,0,0.32052196708124303,0.8834647629860607,43.65242037389352
2.965754804531822,1.0341934953458232,1,0,0.5931509609063644,0.4768434683178171,48.682066354086174
4.282471233368083,0.6340131577398058,0,0,0.8564942466736166,0.35871552541701346,90.0
4.924404642237278,0.3450829856937666,1,0,0.9848809284474556,0.9978208556819782,90.0
4.222517143715676,0.5281971613085185,0,0,0.8445034287431351,0.8341445970006758,45.49625737952257
4.572618725744356,0.5277342652240884,0,0,0.9145237451488711,0.7661159327955862,90.0
5.152567918227527,0.3050706974642899,0,0,1.0,0.40754303103243084,90.0
2.739085690190952,0.8821173329622282,0,0,0.5478171380381904,0.9476880259644708,31.195161533495767
0.8977406139186623,1.3049123279147066,0,0,0.17954812278373247,0.5006242680704178,16.227978087913865
4.869835494699117,0.4142993531961631,0,0,0.9739670989398235,0.2952904940479433,90.0
1.778113776808263,1.1786485040438452,1,0,0.3556227553616526,0.9061110021324971,43.51884045077165
2.2682263568633507,0.8777267580955935,0,1,0.45364527137267013,0.6034930960433786,44.39991422052655
2.4679774626245186,0.8886711226248926,1,0,0.4935954925249037,0.44934974203964206,45.356236870016126
3.7222563364943557,0.6291904954694418,0,0,0.7444512672988711,0.7139526325065898,37.52145381841554
5.023941369113082,0.4136594388652178,0,0,1.0,0.7753461504031356,90.0
1.992751592456929,0.9149273564989611,0,0,0.3985503184913858,0.05433203482290383,14.651906207170143
4.6175487876940995,0.4340440641295728,0,0,0.9235097575388199,0.06268962162186587,90.0
5.116361707958013,0.3057244290192623,0,0,1.0,0.27039328638452553,90.0
5.134915461883052,0.45251232121283036,1,0,1.0,0.909943143854392,90.0
2.5752492967975606,0.9282013461620563,0,0,0.5150498593595121,0.7038570916343312,36.51136867769801
0.5239979830767,1.4264999382229668,0,1,0.10479959661534,0.761037790250783,31.81793679089448
5.729249892522359,0.15513406227768203,0,0,1.0,0.6441492214759159,90.0
0.7650230681631293,1.3643289264052545,0,0,0.15300461363262585,0.457699605159294,11.720752409098251
1.6488549820284004,1.0248867633881806,0,0,0.3297709964056801,0.416504431903879,12.123560812439115
5.021989377490328,0.36342936416637434,0,0,1.0,0.8801567379214851,90.0
1.6865737354704977,1.2066290847066394,0,0,0.33731474709409953,0.6516397604772766,27.989625457880273
4.562286019727819,0.5823111505133566,0,0,0.9124572039455637,0.1992152748940531,90.0
5.396182514498959,0.24256121988638352,0,0,1.0,0.5158619027123281,90.0
1.9717597220038432,0.9441873339404779,0,0,0.39435194440076865,0.41364267491863527,15.4716957974589
3.2107552144609564,0.8559522297821096,0,0,0.6421510428921913,0.4640951594535039,19.79716122460202
5.799245824881735,0.3855985556326774,0,0,1.0,0.7729214818761151,90.0
3.367128262097764,0.7402161723633206,0,0,0.6734256524195528,0.2933086107805647,28.738466053173735
4.752280306552693,0.2815735058928721,0,0,0.9504560613105386,0.2998005275652359,90.0
4.055523079008617,0.6614025144002912,0,0,0.8111046158017234,0.3029157288331926,35.64026303491636
0.8613217242490118,1.2510584794837787,0,0,0.17226434484980235,0.4738098283979466,9.948388281383554
0.8181444719593833,1.3629754828138272,0,0,0.16362889439187667,0.22538126800676583,9.314235830662003
1.577081962738485,1.180147136262392,0,0,0.31541639254769704,0.14696270958820967,9.267294013385394
4.96118073463409,0.3046900875761297,0,0,0.992236146926818,0.3451922084942105,90.0
5.5461721372259465,0.25880382550783754,1,0,1.0,0.06220322616470275,90.0
1.310166743534337,1.1246369071306215,1,0,0.2620333487068674,0.24189329411288918,32.17628071911729
3.2533196413508914,0.7418746573458047,0,0,0.6506639282701783,0.45966487040266124,30.566713687052232
3.506174281177622,0.683545644136291,0,0,0.7012348562355244,0.20918546540792782,27.34886753539118
0.7748846576282331,1.365354315141932,0,1,0.15497693152564662,0.19692570445342839,29.86245437545475
5.7328639569900774,0.24260684514070674,0,0,1.0,0.593560935378786,90.0
0.9019485911485825,1.3145908631350236,0,0,0.1803897182297165,0.9078987937796194,20.097638255077758
5.690358760511215,0.25025555725637555,1,0,1.0,0.1616714362369619,90.0
3.122950585573835,0.7360318016013133,0,0,0.624590117114767,0.1626997438085659,27.6245595532628
3.6079692184901595,0.7057386473903354,0,0,0.7215938436980319,0.3570293439700122,36.860245216782985
5.594067376374801,0.3195951958248412,0,0,1.0,0.848042089601484,90.0
4.508737932484708,0.4957715726774949,0,0,0.9017475864969416,0.6624340117010681,90.0
1.1517644297898335,1.1859724476447426,1,1,0.2303528859579667,0.044911298995615856,42.470621561606706
4.685543579224656,0.3616512549415207,0,1,0.9371087158449312,0.9509285945025484,90.0
3.6741742232107644,0.7870383793830011,0,0,0.7348348446421529,0.35857846152487316,28.728830362047987
4.111470905393318,0.538669911290235,1,0,0.8222941810786637,0.5059579077349317,53.97882689884483
1.714690306296549,1.1398804420708777,0,1,0.3429380612593098,0.5816222929891935,39.969511854987545
2.9013780437282133,0.9056352940999249,0,0,0.5802756087456427,0.3530503916003024,36.142290354701856
5.417518663932879,0.4210299660195047,0,0,1.0,0.20468010905728395,90.0
3.7512166679218404,0.6306746374015543,1,0,0.7502433335843681,0.07115828517343281,43.22101239807426
0.8795417593704897,1.307392137982393,0,0,0.17590835187409795,0.835825927910516,21.532746396274398
2.3270506821358254,1.0710126330293128,0,0,0.4654101364271651,0.875883083517057,32.38996450011882
3.465020040048048,0.6918658240264095,0,0,0.6930040080096096,0.7655467505158609,29.07190037347458
0.5000639911545137,1.4452048659764287,0,1,0.10001279823090274,0.22612533124967193,16.658854373798263
2.173092957999545,0.9395247755676404,0,0,0.434618591599909,0.9668454997992854,26.718207319165714
1.7336141580677478,1.2159947708052257,1,0,0.34672283161354955,0.30293090564042924,39.961484367106166
2.289123237126671,1.0654806205718597,0,0,0.45782464742533424,0.90194019674915,31.871538528414536
4.936814358321066,0.5306793911724006,0,0,0.9873628716642132,0.5444969591038651,90.0
4.401264556599353,0.5701461697892063,0,1,0.8802529113198705,0.042422298206891695,90.0
1.9592937565550683,0.9418782103244803,0,0,0.39185875131101366,0.10251596406647445,18.424535170855023
3.3261995531372226,0.5835013998070218,1,0,0.6652399106274445,0.6972093819096368,54.36975202221091
4.428796496542486,0.5909505982321608,0,0,0.8857592993084973,0.8616909037873453,90.0
2.0073937413820504,1.0154966452632055,0,0,0.40147874827641006,0.9785254683891406,30.88973514197914
5.210954730613597,0.4382465230205213,0,1,1.0,0.49625875288236154,90.0
2.59284740428442,0.9659082244326146,0,0,0.518569480856884,0.02519341395922936,16.388900049141014
5.114485302449059,0.36999011414987815,0,0,1.0,0.8171281420155851,90.0
3.5053667384281604,0.8743571722097825,1,0,0.7010733476856321,0.8000034817636814,56.69736498431111
3.539888916451999,0.6415131032471948,1,0,0.7079777832903998,0.30978785920909924,48.30654795863639
2.095250425793403,1.0691708275365814,0,0,0.4190500851586806,0.6248740996069989,27.279295841206906
3.6446029072906176,0.703767108303348,0,0,0.7289205814581236,0.3529585034523566,28.24753979304314
3.9171084697728555,0.7356560155020678,0,0,0.7834216939545711,0.7837598424841072,35.702392808663
2.071670785259883,1.1892999434014477,0,0,0.4143341570519766,0.3739210470128136,17.480782571798834
5.694467204818669,0.35819780782410043,0,0,1.0,0.41833386410228013,90.0
4.630168890998251,0.45782165423690024,0,0,0.9260337781996502,0.9803687409421851,90.0
0.8712640067610207,1.2020567223953713,1,0,0.17425280135220414,0.40360100236159124,32.462757957699935
4.558367416590334,0.4457385841142418,0,0,0.9116734833180669,0.2642762631586393,90.0
1.629331162887399,1.001750897389167,0,0,0.3258662325774798,0.9685373316998922,25.421211290611733
3.820004603076563,0.6529282453012127,0,0,0.7640009206153126,0.6236487782902661,36.83753425485416
4.066776510652785,0.7005020794356808,0,0,0.813355302130557,0.27109625376406576,36.588582343205935
3.7871755548648673,0.649628549517723,0,0,0.7574351109729734,0.6801118854469727,37.81908096305981
2.74483429976684,0.8996388350684064,0,0,0.5489668599533679,0.9575810150838173,32.55419077701277
2.6946942470333908,0.8763365994506368,0,1,0.5389388494066781,0.10189310087293679,42.073066151318024
0.5457596822495561,1.3107815842319632,0,1,0.10915193644991121,0.43402097270875883,29.766920709267797
1.9229140318549254,1.211155947416925,0,0,0.3845828063709851,0.6132916848873791,20.689989198973088
4.007285357927645,0.6829997012414227,0,0,0.801457071585529,0.8774700466544819,37.320078951820605
4.562977328996115,0.4402566007731704,0,0,0.912595465799223,0.45894051659682034,90.0
4.530034111323908,0.6325906410216321,0,1,0.9060068222647816,0.8384918338430248,90.0
4.927996751726145,0.30380714979378665,0,0,0.9855993503452289,0.7379173933540254,90.0
3.3679696329178404,0.7442434229452108,1,0,0.6735939265835681,0.5383319432557134,49.17254387917385
1.9786943291020642,1.1295148488404505,0,0,0.39573886582041284,0.45434542306765513,19.587475148541834
3.9663597070088685,0.693857652497736,0,0,0.7932719414017737,0.6493223245768817,33.43505718652568
5.649543418079096,0.21877636343365858,0,0,1.0,0.5026312426301305,90.0
0.8089684254109146,1.3854804957530467,0,0,0.16179368508218292,0.40967105337599263,11.741701777525789
4.103455429883859,0.5413007480427409,0,0,0.8206910859767718,0.18564670490124302,29.5394562867316
4.153206617439325,0.5971520314071882,0,0,0.8306413234878651,0.28918744629594983,34.06989859022075
2.2039378142735795,1.0231021413815278,0,0,0.4407875628547159,0.353789158736436,14.095379739049342
5.0570557884834475,0.3340020743658199,1,1,1.0,0.32674254203004083,100.0
2.449337218361802,1.0177567258570825,1,0,0.48986744367236035,0.3927307432714162,43.07247442365309
3.543541543623745,0.608366941113291,1,0,0.708708308724749,0.8379083748518036,57.43074466751989
5.223203536422097,0.31974309854472277,0,0,1.0,0.6736454174749077,90.0
1.4858929065660442,1.090142155004449,0,0,0.29717858131320884,0.001992135219070268,13.406395168250196
4.4530678981944165,0.5292934581431896,0,0,0.8906135796388833,0.01912896643728701,90.0
1.4116149733087138,1.1669631340903561,0,0,0.28232299466174277,0.22236130474817029,14.916588849373731
3.355735139291128,0.64832835462117,0,0,0.6711470278582257,0.23420337092633414,29.402633738275483
1.7075465777639107,1.1333438100925979,0,0,0.34150931555278213,0.42894433343014426,20.1671345022643
3.4749775211094445,0.8223790810617461,0,0,0.6949955042218889,0.41195809503410197,34.72508947860181
5.287898314481613,0.38057267831956154,0,0,1.0,0.11720390568023342,90.0
2.3546361656116366,1.0166592209613219,0,0,0.4709272331223273,0.8956747776187787,26.69330458856391
1.6237401086943366,0.9279941323178464,0,0,0.3247480217388673,0.06904590631459973,13.440163601500235
3.1084026153732447,0.978441738559476,0,0,0.6216805230746489,0.009978776658449373,25.742406067908473
4.478940142952016,0.6141930146322411,1,0,0.8957880285904032,0.48509465997954015,90.0
2.334956177102761,0.9671966136786703,0,0,0.4669912354205522,0.8825598767723473,35.30371393754405
3.0647036587709358,0.8109984220107689,1,1,0.6129407317541872,0.20347274249759584,81.71223461649404
0.8683548661389934,1.2869057540157522,0,1,0.17367097322779868,0.06656472791422285,30.839739556977023
4.065749040986526,0.590019258947552,1,0,0.8131498081973051,0.9971823539029504,60.764761308351865
3.574826067206312,0.6273085203044362,0,0,0.7149652134412624,0.06871367772396098,23.29961697061194
2.5326580968472525,1.0837503331569798,0,0,0.5065316193694505,0.008363681876857099,16.72267572137245
1.6971706976929481,1.1099061140896302,0,0,0.33943413953858964,0.7728095732903374,31.912880811548188
3.5163053964645945,0.8381405641042904,0,0,0.7032610792929189,0.5180080664046248,34.04285071174066
1.2717848500643325,1.3061471117014196,0,0,0.2543569700128665,0.19497519990028922,17.93186721840131
5.397252344706307,0.3410846945026146,0,0,1.0,0.6541327370278737,90.0
5.390203581670055,0.4633252165784342,0,0,1.0,0.716397111958099,90.0
1.9901848407400098,1.0117343366969593,0,0,0.39803696814800194,0.42485084286808694,16.271834619753577
5.493111826359438,0.1817254301769713,0,0,1.0,0.38279876443638783,90.0
5.020070206219476,0.48425156956268745,0,0,1.0,0.2640619846937188,90.0
5.6648766369766035,0.1399666178725446,0,0,1.0,0.6946409588937278,90.0
1.7029358714886,1.0032797307707004,0,0,0.34058717429772,0.7780252431446532,26.062428949448268
4.6846823201192995,0.39341594343569297,0,0,0.9369364640238599,0.2595764492750492,90.0
0.6852202213095522,1.3226405658438218,0,0,0.13704404426191044,0.6668473913056581,16.76542090226097
2.276650401647516,1.0527961873135627,1,0,0.45533008032950323,0.844871347755229,47.44058398025397
1.8695480485999945,1.0321159588571243,0,1,0.37390960971999887,0.32663924942591094,38.487886344649304
4.615011516268655,0.514185532750512,1,0,0.9230023032537311,0.04035082685969971,90.0
2.7615533489702226,0.9896420277781017,0,0,0.5523106697940445,0.6543420054927197,26.755728982114487
1.776099991698459,1.2160502616538145,0,0,0.3552199983396918,0.6195262000363033,24.24459245602846
3.5986744289195207,0.7856324626464212,0,0,0.7197348857839041,0.9906791570657658,41.37320192892487
4.662015918877124,0.6158582405077864,0,0,0.9324031837754247,0.5968518768877594,90.0
5.605001539626733,0.25038118246797086,0,0,1.0,0.9956311094988834,90.0
5.896148493273646,0.292323943067628,0,0,1.0,0.053347996988897695,90.0
3.001203884039636,0.9348963489244834,0,1,0.6002407768079272,0.167357032236781,68.20326519596487
3.2519769541855834,0.8736007924957478,0,0,0.6503953908371167,0.15620656868662197,29.417542447714986
3.99767179754691,0.5240321884538822,0,0,0.799534359509382,0.6677605916031529,39.49408453448255
5.105518938735829,0.4186321537983093,0,0,1.0,0.8028109348245005,90.0
5.785060808108535,0.14886572811232146,0,0,1.0,0.5726072328820224,90.0
2.0235688837928834,1.0669036805483503,0,0,0.40471377675857667,0.05198935197770749,18.005928219674832
0.6745907095514374,1.2869952117811145,0,0,0.13491814191028748,0.8829148165187222,17.36983641718543
4.124749755727278,0.6268583049350969,1,0,0.8249499511454556,0.7374260857706773,58.57020796645624
2.075857519099176,1.06640366026278,0,0,0.41517150381983525,0.06239406859827723,15.766018734356265
2.3440347754306265,1.011757710119337,1,0,0.4688069550861253,0.38559759251333336,43.426007749040444
0.8906918897420117,1.2512796027752189,0,0,0.17813837794840234,0.10097810681776109,4.930041015198537
1.4212009900175924,1.0511587209097288,0,0,0.28424019800351846,0.2993833737053483,12.587894790345326
1.7787829571430716,1.0781458182931984,0,0,0.3557565914286143,0.06256484221945158,11.06937872728217
1.6577881681593862,1.1049342430860678,0,0,0.33155763363187724,0.15492531114344266,15.25665784092497
0.9550525959000444,1.136440460861687,0,0,0.1910105191800089,0.13714848815274316,8.142178607249438
3.6938449650485676,0.5941003804662219,0,0,0.7387689930097135,0.4878343185440125,33.24659612803656
0.9524977835238404,1.1395891341244158,1,0,0.1904995567047681,0.41860727491832994,31.371386134667805
3.021372832722909,0.8786453439478654,0,0,0.6042745665445818,0.8622029736581888,40.647292590299486
2.2263152319735875,1.1081189048517088,1,0,0.4452630463947175,0.3714672626243768,41.70350288186594
1.5734158447025772,1.290064233233268,0,0,0.31468316894051546,0.8382304210818006,23.288390556544382
2.487720784869525,0.9308516391361517,0,0,0.49754415697390497,0.7624469586748684,33.06847649410274
1.1930111532519685,1.2584935742318721,0,0,0.2386022306503937,0.6447452485768186,13.001825804389517
1.7640469918869013,0.9441756058992982,0,0,0.35280939837738023,0.5708774168394762,24.3666574940791
1.5189869546082804,1.0931308463268632,0,0,0.3037973909216561,0.28570756766089034,12.058329465304816
5.599180800254471,0.2735797184437983,0,0,1.0,0.797732263348214,90.0
2.5206490078338875,0.9547510650026687,1,0,0.5041298015667774,0.17512314013035324,36.89179634315061
4.200205379268567,0.5213635370180436,1,0,0.8400410758537135,0.2632473465180112,50.6428309871021
0.5035936491871476,1.4129041815573087,0,0,0.10071872983742951,0.1520485674244918,7.30675188430606
3.0207797702316648,0.7782646898713641,0,1,0.6041559540463329,0.04005911905069448,60.69952490666916
2.1030350242158664,0.984836618281434,1,0,0.42060700484317326,0.4662994129398188,38.78416482069944
4.683166033504053,0.46612401816810045,0,0,0.9366332067008105,0.9995577032504386,90.0
4.731968917451259,0.5526998231031671,0,0,0.9463937834902518,0.20444837246427305,90.0
2.372263558628428,1.1709059090543166,1,0,0.47445271172568565,0.5012756446257294,45.01094607289852
0.7763365540264018,1.333712861059161,0,0,0.15526731080528036,0.16067958471184518,5.795966719469957
0.6373441416437728,1.2355337245688636,0,0,0.12746882832875456,0.11159299995724747,4.929314536781626
3.845757250042744,0.5887658215369611,0,0,0.7691514500085488,0.3920935769045727,30.616668251363635
4.629233070660806,0.5075698553551459,0,0,0.9258466141321613,0.5657815548409963,90.0
5.61029594466428,0.21453554683166254,0,0,1.0,0.5247356376614322,90.0
4.763842285092221,0.39573645600670015,0,1,0.9527684570184443,0.6678679067008134,90.0
5.632627982676184,0.3164234994182974,0,0,1.0,0.8481092350156301,90.0
5.709388045951363,0.2704419616330474,0,0,1.0,0.9633603204460379,90.0
0.5565647276463062,1.4568564525731797,0,1,0.11131294552926123,0.31187943576372523,32.72765524904062
2.369845250862865,0.9699466071531742,0,0,0.47396905017257296,0.8345717902556277,25.910099796370442
5.645164824401227,0.2205890307693008,1,0,1.0,0.09236052811137851,90.0
1.3953504406342616,1.1053908308197236,1,0,0.2790700881268523,0.5015179603501664,38.48378987595754
1.8566223869297356,1.2575940782487252,0,0,0.3713244773859471,0.5778911126940883,20.175633461777075
5.473978762466214,0.34101155087697005,0,0,1.0,0.21244727719547296,90.0
4.149379766523987,0.4505456927612039,1,0,0.8298759533047975,0.9091752640535857,56.46895315281246
2.2263294208326503,0.9218546252158902,0,0,0.44526588416653007,0.34210762086359403,24.41180209312008
2.8647669087890195,0.8880964103411875,0,0,0.5729533817578039,0.29994206977702265,31.403170259532747
3.778450753810683,0.572018082402515,0,0,0.7556901507621366,0.9024130332861034,39.03199808671205
2.3917672760672706,1.0419855100498419,1,0,0.4783534552134541,0.566605258905463,50.24727550330989
4.113667740287591,0.5776541759843907,0,0,0.8227335480575182,0.8265510741914642,44.63119545937699
4.9053938522185065,0.43499085531766346,0,0,0.9810787704437013,0.9805682270607236,90.0
1.6808273810484549,1.14213078223705,0,0,0.33616547620969095,0.6587176387270222,18.928792556517664
3.4276053177329993,0.6063803725564796,1,0,0.6855210635465998,0.983567206513663,61.07572323209098
1.928189614227277,1.0705203151987341,0,0,0.3856379228454554,0.05276525785960262,16.091428388823594
4.306061907706601,0.43102307491495584,0,0,0.8612123815413202,0.5776317543444226,90.0
2.4756481084047968,0.9897224561672231,0,0,0.49512962168095936,0.36255979655909454,24.501488170155575
4.931429891175198,0.3288404519443592,0,0,0.9862859782350396,0.4821320989198419,90.0
5.124997907215989,0.32805491257664815,1,0,1.0,0.3846110759787682,90.0
3.025182128076745,0.867320906989187,0,1,0.605036425615349,0.6838664518353432,70.68705810902335
3.4236468397770214,0.7446511477523304,0,0,0.6847293679554043,0.6564096035006569,31.756317463577915
5.841329990525572,0.3527846292897424,0,0,1.0,0.11635848516449587,90.0
3.870377095450807,0.6629035253638549,0,0,0.7740754190901614,0.5506633794408515,37.30224606738779
2.717642658732887,0.9343826462983874,0,0,0.5435285317465774,0.25533637376324414,24.564013343918
1.0823087501722113,1.1763491265286075,0,0,0.21646175003444226,0.07010813964125695,1.4800004204649406
2.673926234871368,0.8815726947975584,1,0,0.5347852469742735,0.41918287590212133,43.60676682248919
1.42512010671585,1.198721735957259,0,0,0.28502402134317,0.7314863597031158,25.020765133152697
5.769649049056886,0.25896103826337924,1,1,1.0,0.6354143568619098,100.0
3.9640135993908925,0.7450733531153876,0,0,0.7928027198781785,0.42845790384879545,31.92861201197506
4.523230552237265,0.4810015394990316,1,0,0.9046461104474529,0.8446659090902243,90.0
2.87215938487558,0.9267036958979846,0,0,0.574431876975116,0.4840205725094041,26.511855407341525
3.3275249340319286,0.8217799708725789,0,0,0.6655049868063857,0.27199860534435605,20.31426998128065
0.5350847387362487,1.50289204219112,0,0,0.10701694774724975,0.8054300430459791,13.058434968535867
5.707159345807324,0.35215852182277796,0,1,1.0,0.025769598764351143,90.0
3.819408435756165,0.762319222062892,0,1,0.7638816871512331,0.1811832790500828,73.8045676089794
3.9251437178191257,0.5792666326373729,0,0,0.7850287435638251,0.1602256009765063,25.76508393735697
1.4401502133146655,1.3028551317448183,1,0,0.2880300426629331,0.39310390755940106,34.07365569704821
1.0513506004758215,1.1780893437451676,0,0,0.2102701200951643,0.8349472056944037,21.26108536589863
5.860798278267033,0.1807314125201191,1,1,1.0,0.41962738280681033,100.0
0.7784235974799076,1.3354252985960084,0,0,0.15568471949598153,0.5832523923125568,12.117850713417617
0.5621639512396236,1.3221902664674416,0,0,0.11243279024792471,0.3976844144330547,13.918785511679147
5.855902273464323,0.07299539147915557,0,0,1.0,0.9042432914075651,90.0
2.5609708377905704,0.8861689314302659,0,0,0.5121941675581141,0.8056488053633419,30.291245013546675
1.7337520736943943,1.16942747152731,1,0,0.34675041473887885,0.45005863942622526,36.69214757359486
2.3559985343032595,1.0358690841881968,0,0,0.4711997068606519,0.44210703467972,20.02345850262372
2.3392064844381175,1.039225135078791,0,0,0.4678412968876235,0.8054323292999863,18.97492041030337
4.680885113845875,0.4564494401610053,0,0,0.936177022769175,0.4084555814084826,90.0
4.238334692583399,0.69299005812737,0,0,0.8476669385166797,0.25982813794029946,30.127764757987567
5.37347359847434,0.29283451548159156,0,0,1.0,0.24053158518014872,90.0
4.19811113810437,0.6177369323688715,1,0,0.8396222276208739,0.15631697070886086,55.6235187086955
4.558730210686757,0.6091936738301995,0,0,0.9117460421373513,0.9925817954877634,90.0
1.359108293618296,1.2494140714854354,0,0,0.2718216587236592,0.28943952161948794,18.31708406914493
3.072246668666824,0.7189740645368814,0,0,0.6144493337333647,0.564231816684536,37.03582588810155
5.178159904083138,0.43504842678216504,0,0,1.0,0.01620039733946721,90.0
5.001092336287444,0.45283550434888314,0,0,1.0,0.10284259215747671,90.0
1.1927535800864704,1.2013457429425194,0,0,0.23855071601729408,0.603150120122947,20.975420921038044
4.253928527457468,0.4265000751404201,0,0,0.8507857054914936,0.2262724300031862,90.0
4.307948683849278,0.6017416991619382,0,0,0.8615897367698556,0.05994330086130828,90.0
1.2203555864679574,1.3173527104164808,0,0,0.2440711172935915,0.3413186459500521,14.964016232261724
3.1319060345573737,0.794258984425269,0,0,0.6263812069114747,0.08159872000483837,25.2812633492723
1.9222537512413123,1.0831743659236963,0,0,0.3844507502482625,0.17464718589632955,14.98470571852429
2.1276261619013885,1.0494510923844473,0,0,0.42552523238027773,0.5768812013112085,23.85518029651035
3.6015576171559305,0.6458106477800568,0,0,0.7203115234311861,0.3409585714355583,30.327282151759402
5.544974366177244,0.1946948513929282,0,0,1.0,0.5254703073558932,90.0
4.338080320278435,0.5545244709830064,0,0,0.8676160640556869,0.9459246440320865,90.0
2.1270325362309483,1.0842645546033578,0,0,0.42540650724618967,0.0162434432094537,10.582129575555506
4.508279299478561,0.6013811225018731,0,0,0.9016558598957122,0.13457626710410775,90.0
1.019303937132645,1.2149379779138512,0,0,0.20386078742652902,0.7798208840100681,19.98097423657148
1.1502024226009873,1.1431546958292045,0,0,0.23004048452019746,0.8511507354259817,17.787253205573133
5.766974054499234,0.27993832831410664,0,0,1.0,0.3799790789653946,90.0
3.839244044859673,0.5442536564485433,0,0,0.7678488089719346,0.09664483428775228,25.9439670737431
1.4729332295319115,1.1734337035491378,0,0,0.2945866459063823,0.9955689004906878,26.343033725069077
3.7049294713957486,0.6399598164773272,0,0,0.7409858942791497,0.6725072626736491,40.080696785632625
4.252054290903043,0.501164184625002,0,0,0.8504108581806087,0.5784925082293301,90.0
4.313821704309699,0.6338171964585088,1,0,0.8627643408619399,0.7302491895295712,90.0
3.905450044512102,0.604037074914397,0,0,0.7810900089024204,0.19624571670616564,23.329389503995653
1.190523844441624,1.4424596602950122,0,0,0.2381047688883248,0.05702691400361937,6.620292011008575
1.080158851035696,1.3568043230099838,0,0,0.2160317702071392,0.8200675020556494,28.97573243420152
0.7286842791562658,1.4973586002430455,0,0,0.14573685583125315,0.6136379029893838,14.227483702626229
5.438644113940553,0.33110432508874627,0,0,1.0,0.6409655280987577,90.0
3.0639987512015634,0.8738193960151073,0,0,0.6127997502403126,0.9113391900786307,31.437124990484897
0.615137648047033,1.3347352953504381,0,0,0.12302752960940659,0.33135221873631704,8.653984039286643
4.216145962138902,0.6865194682994087,0,0,0.8432291924277804,0.934729915488301,41.217789122624225
1.8798350493988512,1.103878296502858,1,0,0.3759670098797702,0.06203676362878152,30.174139815899117
2.366178970202621,0.8793849415163653,0,1,0.4732357940405242,0.4517394759814438,43.42712016400132
2.4510070620161697,0.8865557176315818,1,0,0.49020141240323395,0.3872744114248413,42.008658199450146
4.1282965011176085,0.7512013797757285,0,0,0.8256593002235217,0.9405039528794026,39.888452402928564
4.068209623876623,0.8005605029537435,0,0,0.8136419247753246,0.3380844093662614,31.379604156579624
1.1975321240273034,1.1471229603998991,0,0,0.23950642480546067,0.05856530528453385,7.826389355263455
3.5380137579947886,0.8013067313738607,0,0,0.7076027515989577,0.8030118815263205,37.83126153155671
3.471533912530816,0.746175933350632,1,0,0.6943067825061632,0.29632580189980007,45.57878701394233
1.2890820135991103,1.1986668706082704,0,0,0.2578164027198221,0.9395685890251657,18.51961648970777
4.653234895948578,0.5724865427035535,0,0,0.9306469791897156,0.6300931268616634,90.0
5.057590983650591,0.3307916025153308,1,0,1.0,0.8751336186211521,90.0
5.840171372825402,0.2599284628992489,0,0,1.0,0.516283299197674,90.0
3.6935487425029874,0.702360241037202,0,0,0.7387097485005975,0.9505328209544089,42.0034857361439
0.6213638177525996,1.3161072162651675,0,0,0.12427276355051993,0.6439565794476135,17.38602832837207
2.5952351476291127,0.9395798328751379,1,0,0.5190470295258225,0.21633277763082703,39.053368161896586
2.9341754026304847,0.8805486795931274,0,0,0.5868350805260969,0.5546870247883672,33.69292446053315
5.042627697025089,0.48991369416477865,0,0,1.0,0.9579458599261376,90.0
3.476126036833646,0.6277287016188503,0,0,0.6952252073667292,0.18483839794702495,29.126764227353156
0.8277290354422904,1.4299315957863186,0,0,0.16554580708845806,0.6665219766930349,18.008831714275715
0.9405814963528123,1.1957660041787734,0,0,0.18811629927056245,0.3867070570439779,11.544008698961747
0.781326130912187,1.3510038319231608,0,0,0.15626522618243738,0.8391466080707525,8.062507685960792
1.2992968083127727,1.1559409137826921,0,0,0.2598593616625545,0.566018424887821,17.62321480759745
5.329184320644513,0.37133633709527036,0,0,1.0,0.04406586157038139,90.0
1.5190226768344701,1.3341088593413541,0,1,0.303804535366894,0.842165376650381,45.651227664067626
2.1313686518640123,0.9000905031933835,0,1,0.4262737303728025,0.6843142489253448,45.662695347596674
5.719393668758507,0.21503108320601746,0,0,1.0,0.004187443627957865,90.0
4.187388835883047,0.48969291751149036,0,0,0.8374777671766094,0.024005044844888856,36.752467986443754
2.3445438341960436,0.9930315276054862,0,0,0.46890876683920873,0.3931471294940152,24.33869749311569
1.803081966431979,1.1529817718073185,0,0,0.36061639328639583,0.9224342836561245,30.618842279036734
0.9000422127826762,1.2301913881344344,0,1,0.18000844255653523,0.24067051475715306,24.661623300724898
5.308690337753943,0.2924039406909528,0,0,1.0,0.9782206685265583,90.0
1.4949054575839407,1.1233269301200748,0,0,0.29898109151678814,0.57835976311654,23.451341607648985
5.079364753293721,0.409717663025362,0,0,1.0,0.13998737672176287,90.0
2.7870021241012606,0.7100561095545083,0,1,0.5574004248202521,0.13521731371285473,45.95355701152984
4.2150082493503405,0.4926132080721705,0,1,0.8430016498700681,0.879601496711762,81.5643414214162
5.48873078228262,0.4019271064389285,0,0,1.0,0.35781124933559305,90.0
3.7657934756889873,0.577102747042593,0,0,0.7531586951377974,0.5702869387313905,35.96904537310645
1.655589561017935,1.2321442517755508,0,0,0.331117912203587,0.6949531193430477,19.517028867968417
3.6206501928584034,0.7560127265570935,0,0,0.7241300385716807,0.1331821256675234,30.654547540511185
1.9373315983696107,1.2185482418401743,0,0,0.38746631967392214,0.006464357789710551,7.761337439851294
3.2293157204544767,0.8690649220697473,0,0,0.6458631440908953,0.9414742375060654,33.09449887661803
1.4592509691132474,1.1076673067865457,0,0,0.2918501938226495,0.40736552421283234,16.077879311142485
3.3675736181055766,0.7560825971814412,0,0,0.6735147236211153,0.5771170823879065,32.42898272616896
5.398621505040134,0.4125503822753368,0,0,1.0,0.913041466889856,90.0
3.6466763004721345,0.6519556882726549,0,0,0.729335260094427,0.3064154493510364,26.962914635246182
3.5532358271425366,0.5938105159232093,0,0,0.7106471654285074,0.08778823705815997,33.64046031529921
1.4450620319671215,1.062954639535303,0,0,0.2890124063934243,0.8118661240103798,22.66992315508265
0.5762417475207307,1.4801804505506162,0,1,0.11524834950414613,0.020137848949289827,29.06602287512795
1.345810380322689,1.195333333071887,0,0,0.2691620760645378,0.6790666044956374,23.604347860405028
5.624572218240795,0.31455390117576437,0,0,1.0,0.8973857174637149,90.0
1.9090533294164522,1.0420990779156183,1,0,0.38181066588329043,0.6748932030541548,42.023572660553484
1.8148651124126631,1.1640733882934917,0,0,0.3629730224825326,0.20969027743020086,18.992657985528886
5.871085628275973,0.25313719957219954,0,0,1.0,0.765858643884742,90.0
4.304106085265978,0.5454718835575367,0,0,0.8608212170531957,0.7293098004772062,90.0
3.6628331540234806,0.6959530208782452,0,0,0.7325666308046961,0.6452185758446639,29.474410961227687
4.59868108479959,0.44818061961066474,0,0,0.9197362169599179,0.7833872199958384,90.0
5.500889819403458,0.39711879776113546,1,0,1.0,0.1828133885392259,90.0
5.759605348323487,0.11223179502051853,0,0,1.0,0.10901361564092871,90.0
1.866969015100843,1.1684858929742292,1,0,0.37339380302016856,0.8586981212445739,43.60139217600522
5.21477015553385,0.30755201289998685,0,1,1.0,0.6825404787671571,98.43434776807237
2.3238926700930866,1.16639831630617,0,0,0.46477853401861735,0.31206404465202064,20.983521913501498
4.913178168044979,0.4087888683006495,0,0,0.9826356336089959,0.8119462346378834,90.0
5.701623362242616,0.3109922978692055,0,0,1.0,0.7419777295139859,90.0
4.227477826607263,0.614223963648212,0,0,0.8454955653214526,0.7174649906119122,38.88467729825026
3.1151164337800354,0.7866175489985126,0,0,0.623023286756007,0.5489096316400717,34.2394361808636
1.5405768581469519,1.1683611605361603,0,0,0.3081153716293904,0.8287089838180064,30.440811450136096
5.062594936256774,0.3387833432689313,1,0,1.0,0.6970241660042995,90.0
2.4964056222212943,0.9797040050130736,0,0,0.4992811244442589,0.8863803619601417,33.20346036618043
0.7595818593355845,1.3387099611384343,0,0,0.1519163718671169,0.24879178873917707,9.79813204572962
5.681320207187275,0.32983152513052594,0,0,1.0,0.01071529769535895,90.0
3.4934153535838792,0.7265751955898839,0,0,0.6986830707167758,0.5205438373048584,33.14797582536369
2.9236568588336147,0.8580136527060007,0,0,0.584731371766723,0.982739540910386,39.398095651351724
1.8748508997785631,1.104718922538044,0,0,0.37497017995571263,0.42219223388067806,17.20970982734005
4.8178515657553715,0.48089086714738694,0,0,0.9635703131510743,0.4580286165838686,90.0
1.9115596395235268,1.0862027854842027,0,0,0.38231192790470536,0.995734452051323,34.921880572183674
2.893942538111046,0.8450655747916145,0,0,0.5787885076222092,0.4186951433276842,29.017261346813786
1.7079921072701296,1.1625472362576175,0,0,0.3415984214540259,0.06760474947238315,15.68831873361922
4.482160538251067,0.5043293796946474,0,0,0.8964321076502134,0.34883190745863013,90.0
2.5615370839249874,1.052908307015651,0,0,0.5123074167849975,0.9943303026857149,36.07556147021041
1.780005919035535,1.0998796671577384,1,0,0.356001183807107,0.44418340687836655,37.30762259576791
4.215727254620914,0.6636132456358557,1,0,0.8431454509241828,0.7780463064831992,61.29283704102994
3.034034801329206,0.8316990860481525,1,0,0.6068069602658412,0.24860488461330632,46.152774635522576
3.461172386078267,0.7616149669600661,0,0,0.6922344772156535,0.4034809690269996,28.029653140191932
1.7911493194873422,1.063916040141829,1,0,0.35822986389746847,0.30781915002611915,41.274862643324504
1.8264086786926907,1.117021151531449,0,0,0.36528173573853817,0.3768668803471885,13.134688870639673
5.31747708749942,0.32888161314994807,0,0,1.0,0.953402879382095,90.0
0.831248196951636,1.2326191567261806,0,0,0.1662496393903272,0.7831614309236972,13.332143958533656
1.1737382408129406,1.1704802311778009,0,1,0.23474764816258814,0.19012876631870568,32.34662988414107
5.016875850078374,0.3319093471892873,1,0,1.0,0.8596453453526065,90.0
1.428455031815103,1.3113292079014747,1,1,0.2856910063630206,0.8196248695476449,62.56810645963127
5.385052423137172,0.2641500220074116,0,0,1.0,0.3933206703851887,90.0
3.495054285600715,0.770136442585387,0,0,0.699010857120143,0.503345130606154,28.543301331596396
4.880423088379125,0.48953720256002076,0,0,0.976084617675825,0.08744650179988545,90.0
2.575497472381579,0.8931102231250687,0,1,0.5150994944763159,0.9536326078296895,51.95447625351924
2.4377987983889664,1.0082686078568663,0,0,0.4875597596777933,0.10868253937469208,18.158248974277313
5.896916675652022,0.3078607174042753,0,0,1.0,0.19201608474003673,90.0
1.303115606133294,1.2356339102305531,1,0,0.2606231212266588,0.33478904189067915,37.590912084168544
2.2253671861643594,0.8982665736265419,0,0,0.44507343723287185,0.8143839206690815,33.074065901980404
2.6016792195298524,0.9053810332785334,0,0,0.5203358439059704,0.6427950705063091,26.504928043138907
3.8052001649574545,0.5840404114863721,1,0,0.7610400329914909,0.46904074751815394,59.29178168434697
4.905162968477867,0.39462879331348055,0,0,0.9810325936955733,0.6900468884094496,90.0
2.238557213508338,1.0189421644235723,0,0,0.4477114427016676,0.08058081228651359,14.56761064623936
1.3093978810221993,1.1690386928451968,1,0,0.26187957620443986,0.4838602188643114,35.36753740214246
1.177861019729033,1.2787039424216524,0,1,0.23557220394580658,0.2057943769894217,30.47805424894688
4.578613596567562,0.5729756298927315,0,0,0.9157227193135125,0.1954580003683999,90.0
1.414261491284123,1.1691631021615956,0,0,0.28285229825682456,0.33882348242280735,17.36499167603303
5.736343456514515,0.2874531677700539,1,0,1.0,0.25706269218920874,90.0
3.057699838215005,0.8868181697431223,1,0,0.611539967643001,0.34213260011189495,43.205066994761644
5.788529026756614,0.18045307711687925,0,1,1.0,0.5689554832818507,90.0
4.6919602294990455,0.4244787197074227,0,0,0.9383920458998091,0.36325535167581025,90.0
4.866643233985182,0.4421103100758921,0,0,0.9733286467970365,0.8450396488966425,90.0
2.672793358212378,0.9020312753447634,0,0,0.5345586716424756,0.7489631508603986,27.667891321291847
2.4634033620776514,0.8672139246781031,0,0,0.49268067241553026,0.20406438854660058,22.256411143039312
2.10551145423794,1.0274666497998945,0,1,0.421102290847588,0.7151250198168879,52.12466279388071
5.764241578968878,0.16113417423134535,1,0,1.0,0.7072789119056672,90.0
1.8869508262254149,1.0019979394294123,0,0,0.37739016524508295,0.03926505164866023,13.21139741554109
5.875061027473111,0.2677011591788001,1,0,1.0,0.1531445000839562,90.0
4.5046404053489155,0.6304765790405821,0,1,0.9009280810697831,0.57356328002671,90.0
2.37902611979831,0.9309043134509897,1,0,0.475805223959662,0.32784283788581825,42.3570795974453
4.986599593443665,0.27130068031904864,0,0,0.9973199186887329,0.34000438605989214,90.0
5.283073266466943,0.34548149551814067,1,0,1.0,0.43034653237220044,90.0
1.410248760650106,1.214903630455649,0,0,0.2820497521300212,0.21174586205241952,20.40033208718358
0.7282352903044851,1.3902001382472422,1,0,0.145647058060897,0.43539632339975143,24.121716960396725
5.742160629167758,0.26338386450488743,0,0,1.0,0.052826686364721986,90.0
4.493466683161177,0.48207169722600723,0,0,0.8986933366322354,0.600583196987136,90.0
1.4144043169233536,1.3054730723220083,1,0,0.2828808633846707,0.9226037570939578,37.75508995856883
4.692166320727973,0.36576397883992406,0,0,0.9384332641455947,0.6024691704572664,90.0
3.193822273935324,0.6327217594624883,0,0,0.6387644547870648,0.8051743973603768,35.85923871721077
1.521773250842893,1.155059427686388,0,0,0.3043546501685786,0.2767541319513086,11.499788023063815
3.569941511397424,0.7586758863019079,1,0,0.7139883022794848,0.3278839940182585,49.129143840623854
4.554228276761515,0.49569044678003593,0,1,0.910845655352303,0.012003027272682543,90.0
3.54048181645092,0.7126044391352511,0,1,0.708096363290184,0.5180104313760979,79.37213320951045
3.8780243437545625,0.638837061988644,0,0,0.7756048687509125,0.10616035354746722,22.356028665935206
5.10609885790326,0.31945319361028873,0,0,1.0,0.06194651857898792,90.0
3.672443558010407,0.7862659952192773,0,0,0.7344887116020814,0.03992253256375122,25.455628382574844
2.969931827741817,0.9813813775781521,0,0,0.5939863655483635,0.10662361893659789,29.764471846249492
2.5173907635544763,0.9635673580729522,1,1,0.5034781527108952,0.8650710993753938,69.29130787916998
3.804356821367905,0.5779037784722203,0,0,0.760871364273581,0.4820173397769325,37.84160273613891
4.667771082063369,0.3960036863836556,1,0,0.9335542164126738,0.4856342984133404,90.0
5.52040440224324,0.35966038236664394,0,0,1.0,0.8520484158046929,90.0
3.57569972472652,0.638109237377305,0,1,0.715139944945304,0.37698616728684164,70.82318953742524
3.817671841547274,0.6789376317747277,1,0,0.7635343683094548,0.12611532237541057,46.45502035206694
3.699468401104122,0.6460172606984149,1,0,0.7398936802208244,0.8992489182892025,65.09138450336475
3.929279211860355,0.6038668861957363,0,1,0.785855842372071,0.7604000672874827,75.84090890526497
4.220191029005033,0.49841546875516146,0,0,0.8440382058010065,0.22578955215062912,30.624401239599756
3.891420879909013,0.6364487830928571,0,0,0.7782841759818026,0.9846544775908396,41.02624830022394
1.6500355052428783,1.113789193678057,0,0,0.33000710104857567,0.565415939752538,18.584957538519582
0.6155503634249841,1.3598777430643652,1,0,0.12311007268499682,0.08670656759564022,23.58938365644015
3.4609970615556254,0.7220906858775511,1,0,0.692199412311125,0.9353944896677987,61.29918427730579
4.632828246422164,0.4941407458452322,0,1,0.9265656492844329,0.2755667763091785,90.0
2.326948871339529,1.0694861613242124,1,0,0.46538977426790584,0.797998035219224,51.339614419549335
4.562003293683299,0.4834347966996031,0,0,0.9124006587366598,0.9829468795547008,90.0
4.0352757741396035,0.7092120247733137,0,0,0.8070551548279207,0.18065754131130318,28.984214115630177
5.712273973853538,0.18920042909282767,0,0,1.0,0.6082113767664467,90.0
2.9451542558818566,0.78481746950842,0,0,0.5890308511763713,0.47430866486843026,30.73050964680443
1.4241102870597322,1.0940328571375786,0,0,0.28482205741194644,0.8843434279712875,16.507615029917677
1.3345860212417884,1.341138956616805,0,0,0.2669172042483577,0.41073154349101204,19.50316216142899
3.275505083875892,0.7568446910923659,0,1,0.6551010167751784,0.4207365625686168,69.63357741775923
3.2606997282251293,0.8031438066770298,0,0,0.6521399456450259,0.8643662664559733,37.724151662135654
3.012884394554968,0.6485786952299487,1,0,0.6025768789109935,0.0832230662080723,40.27874263249728
5.246277928221602,0.2845540573865507,0,0,1.0,0.8777494048626249,90.0
1.6219703198516306,1.1610138276374327,0,1,0.3243940639703261,0.5126152441031999,44.09298048001721
2.099822698273704,1.129733267236174,0,0,0.4199645396547408,0.12907124693088146,16.242881804996387
2.138226691146162,1.0173652385824556,0,0,0.4276453382292324,0.3327294765103791,25.991518598418825
5.669584050871399,0.14635669814070157,1,0,1.0,0.7096713435045244,90.0
5.910413707650335,0.1219367924607135,0,0,1.0,0.021846711986201806,90.0
4.75967081715885,0.44504595525705765,0,0,0.95193416343177,0.027106652336233106,90.0
4.809258264233499,0.42916990004179506,0,0,0.9618516528466998,0.3892086186234388,90.0
5.380834944536981,0.2917230435734234,0,1,1.0,0.9620584989413515,100.0
3.2992747223212615,0.6348232768429083,1,0,0.6598549444642523,0.579829576047725,50.30726784650769
2.054026471352514,0.9940490586197813,1,0,0.4108052942705028,0.5785418182035315,36.770000257803865
0.9541468691940245,1.2736694181728496,0,0,0.19082937383880488,0.3164571308744162,6.73325881134332
0.9783186114076319,1.271995090491257,0,1,0.19566372228152637,0.0061838226408966745,28.661250368168144
4.9587596368567555,0.38343587591074224,0,0,0.9917519273713511,0.6929089110247677,90.0
4.532382079752398,0.6619426619409202,0,0,0.9064764159504796,0.9774565631838426,90.0
5.1932445266662235,0.5584093718830422,0,0,1.0,0.6949701331214758,90.0
3.333418656126238,0.8695779604605098,0,0,0.6666837312252476,0.34695895037758584,26.098376362473278
2.874939023092775,0.86072784094681,0,0,0.574987804618555,0.34206943465755535,31.2960574012344
4.954883090259099,0.34916518723048234,0,0,0.9909766180518197,0.009087034951216322,90.0
4.065636400143408,0.37320284024228334,1,0,0.8131272800286815,0.8634315777893845,63.77659050499015
1.2669762991283808,1.305826516827607,0,0,0.2533952598256762,0.3720435678122074,15.244665964437191
1.0084723437038663,1.0972328022451385,1,0,0.20169446874077326,0.9667342275351081,37.95155805706502
5.769759658924729,0.17062399275321485,1,1,1.0,0.44343910283604404,100.0
2.265483751024938,1.157661718963948,0,0,0.4530967502049876,0.051657357114641034,17.71767475348231
0.7711197102042904,1.2044776829468786,0,0,0.15422394204085807,0.32073358231157123,5.32453184975133
1.5574185515745056,1.0516938941685448,0,1,0.31148371031490113,0.241601276435763,26.031216938258666
4.247051607928386,0.6264424656995529,0,0,0.8494103215856772,0.06409471103617548,36.807998698988875
3.778784572524433,0.6027247094303246,1,0,0.7557569145048866,0.8438128636583061,61.84172652055893
3.031809778535208,0.7976080095827687,1,0,0.6063619557070415,0.19909341993592566,42.844371426105305
2.413022910881753,1.0342889514953417,0,0,0.4826045821763506,0.23875177108602408,29.21528360091925
1.6744856996968775,1.2635958409659511,0,0,0.33489713993937553,0.39091742684116226,14.711239221456012
5.870510911894756,0.11751329731894905,0,0,1.0,0.858322938878858,90.0
5.146752469757796,0.47928448771017895,0,0,1.0,0.7015652656029423,90.0
0.5540515391338332,1.2404145953673786,0,0,0.11081030782676664,0.30409463597128383,4.775214247180716
4.963948579446694,0.3706756933122203,0,0,0.9927897158893388,0.9873684723122,90.0
1.7383856331876253,1.2042688380215711,1,0,0.34767712663752504,0.751798163586933,49.862036900026325
3.6254773894782257,0.6863570055821601,0,0,0.7250954778956451,0.8890006108146659,31.645309428545367
3.631177414267111,0.7270816725440513,0,0,0.7262354828534222,0.49200172943208276,41.911240123680116
2.2062940605958765,1.0160117438891196,0,0,0.4412588121191753,0.4639854174403808,17.02742842104719
1.2330634194519523,1.180488855708398,0,0,0.24661268389039046,0.7677646177143377,21.41954673826143
1.1268123791558264,1.334911589879857,0,0,0.22536247583116528,0.4583634794263062,16.545397170595336
3.4078902593622895,0.7579982326315149,0,0,0.6815780518724579,0.2926550976674078,26.949328276738267
3.499853726164422,0.7623071292735305,0,0,0.6999707452328844,0.10431308735188216,22.976827512707022
1.3003351553304754,1.220228484056602,0,0,0.2600670310660951,0.6495560067569618,23.061369834293572
5.273997755422995,0.37376803408396486,0,0,1.0,0.049308987109824676,90.0
1.9161356907085811,1.04595075213455,0,1,0.3832271381417162,0.6103760597816921,40.10126722319637
5.092355821256293,0.32981366490039454,0,0,1.0,0.6391078469947064,90.0
2.375290855036437,1.00310613278675,0,0,0.47505817100728737,0.7253263907358781,26.84868796780253
5.100082175757196,0.48441245618606166,0,0,1.0,0.9824825806012478,90.0
5.515002132466958,0.24337881082156976,0,0,1.0,0.701499101465166,90.0
3.0263901057667604,0.8258502958210946,0,1,0.605278021153352,0.6410861035821595,68.2620947330333
2.214091041600569,0.9531368251919328,1,0,0.4428182083201138,0.4778673549131358,42.84099000845933
2.454061858303074,1.0500933559825798,0,0,0.49081237166061487,0.315668481164066,26.975242305149123
1.1888817710291437,1.2126872610568482,0,0,0.23777635420582874,0.8908321482896335,22.11986946037014
2.969707682034789,0.7824513987336492,0,0,0.5939415364069578,0.24465505460471304,24.14890981944242
2.8171548489835057,0.9050945884872137,0,0,0.5634309697967012,0.9111205013919575,27.072190656151946
5.0127912732766005,0.38018581070385465,0,0,1.0,0.09135324272355583,90.0
4.6615560214381935,0.37256028322556145,0,0,0.9323112042876387,0.057002387551933986,90.0
3.7328914715442663,0.6864227429695865,1,0,0.7465782943088533,0.34961439880772216,49.00115672440596
3.7799057362322674,0.7281865655366253,0,0,0.7559811472464535,0.6752308375620375,42.182166735560855
1.6323509349807663,1.0713426058869582,0,0,0.32647018699615327,0.8586001069824982,22.93359748497622
5.7950292112362645,0.13338154899059898,0,0,1.0,0.5787564763599993,90.0
3.900567615575459,0.6984500193774066,1,0,0.7801135231150919,0.7475206367465048,62.43352460258472
5.179690165271525,0.4323575908081562,0,1,1.0,0.03342357243550376,90.0
3.6888606410812526,0.730089686544063,0,0,0.7377721282162505,0.4943708110457581,29.965874614504706
5.5315922249828295,0.24618312332003645,0,0,1.0,0.9117851123817714,90.0
1.3063800643791326,1.1136747589288571,0,0,0.2612760128758265,0.5936846199087332,20.75196974000407
4.651551020992822,0.4360401111231987,0,1,0.9303102041985645,0.2922489567393879,90.0
2.121494810907218,1.1027519309699725,0,1,0.4242989621814436,0.2656855648662635,31.0129675200605
5.42698652358107,0.3295249620329896,1,0,1.0,0.968326960099255,90.0
2.990858482285314,0.8540808835992686,0,0,0.5981716964570628,0.3037350462250994,27.01326243897986
1.0115957509447124,1.3861355643615896,0,0,0.20231915018894248,0.6434289495173308,15.315889477230144
1.5845064008243646,1.2591400663333985,0,0,0.3169012801648729,0.6826711524627593,16.286764685302703
3.958037082829961,0.7070412531940279,0,0,0.7916074165659922,0.9916243429612281,42.13848233619743
1.3998891227605195,1.2792631709852968,1,1,0.2799778245521039,0.6866786117241295,64.89890497030831
1.8398813559020684,1.0806747482204753,0,1,0.36797627118041365,0.38283339476843525,39.17443295997707
3.9684941224069425,0.4891438245208898,0,0,0.7936988244813885,0.9361765641665052,34.088947032683876
5.674129725789536,0.26226637788749296,0,0,1.0,0.06728461292151455,90.0
1.9739849678640788,1.0843530116891227,0,0,0.3947969935728158,0.7193881555748203,27.49180544802372
0.6546682845285807,1.4719612589855802,0,0,0.13093365690571615,0.23503129881191864,2.403657998834138
4.087546120501454,0.7310549115411662,0,0,0.8175092241002908,0.9095644273803012,35.824710028498416
1.9829650482195054,1.0088407416369227,0,1,0.3965930096439011,0.9158143481907439,44.24436436656954
3.2658153603607167,0.7499628052464006,1,1,0.6531630720721433,0.16372895787917097,86.5950124898926
2.1468271864170863,1.0049173287090396,1,0,0.42936543728341725,0.08839696714675838,34.35868406334645
2.382240386283975,0.9781534169413647,0,0,0.476448077256795,0.9861767972836948,31.88524641975688
5.014669550947208,0.3696779528637265,0,0,1.0,0.5807685836144216,90.0
5.608198816630208,0.3644312481321808,0,0,1.0,0.7318727372865008,90.0
1.4568003824683626,1.2886304708541616,0,0,0.2913600764936725,0.5347994662811925,12.704381453155518
5.979234711745512,0.29219886322620503,0,0,1.0,0.5954148016201084,90.0
5.376274928263191,0.45561034767677344,0,0,1.0,0.14431204368748152,90.0
1.0145767380178454,1.2181319101571657,0,0,0.20291534760356908,0.5060446924118366,12.01349411999902
1.3938108591360097,1.172111865247635,0,0,0.2787621718272019,0.008619002591780278,14.03202338684651
0.6098511291791546,1.2721354577104043,0,0,0.12197022583583092,0.4226866196574257,19.70502135382427
4.449374886604734,0.6545281123820478,0,0,0.8898749773209469,0.5884312404534523,90.0
1.6591970468644843,1.186168921768496,1,0,0.33183940937289685,0.2583004291275922,30.22534279566032
5.268563838008302,0.2931138995074171,0,0,1.0,0.6268026300648439,90.0
2.4730838079858875,0.9553516732664378,0,0,0.4946167615971775,0.9167560031187467,31.775623041760152
4.9044995492286265,0.5608961722943848,0,0,0.9808999098457253,0.19231577278435052,90.0
3.0516494490019,0.851190624269687,0,1,0.6103298898003799,0.5330552900947112,68.66642819376595
3.9734940827188816,0.5398341315837807,0,0,0.7946988165437763,0.6229540441833817,37.656956449878315
2.957808073602414,0.7939714545932113,0,0,0.5915616147204827,0.9265853832183811,37.35369467146916
4.407319982568264,0.575079726455343,0,1,0.8814639965136528,0.6664073046949189,90.0
2.0697223765488237,0.9707725201505555,1,0,0.41394447530976475,0.6480303180552142,45.020287607910426
1.8499995439641175,1.16750166800754,0,0,0.3699999087928235,0.8924690939520117,29.264672841718465
0.9324469104436692,1.200935749173675,1,0,0.18648938208873383,0.7326126992403987,34.361631137106215
4.265988401345525,0.5075351154182305,0,0,0.853197680269105,0.2343250656505268,90.0
0.6080831551076629,1.2645088113023881,0,0,0.12161663102153257,0.8254398957486287,11.649009941862456
1.3063456519800174,1.247281783095786,0,0,0.26126913039600347,0.6225469904622817,16.448375407691625
2.1990474756407132,1.1190403776801847,1,0,0.43980949512814266,0.9471529360063548,47.09830381882815
2.7355449487363974,0.8907956797739307,1,1,0.5471089897472795,0.08741680787108386,66.68529631314213
5.650713322206242,0.2960494393747465,0,0,1.0,0.8501327346850368,90.0
2.0903268394978305,1.0502411216651666,0,0,0.4180653678995661,0.016969129315466458,10.176380784969716
5.782017260421717,0.2309663086148239,1,0,1.0,0.8226574684804273,90.0
0.5730466190221905,1.2112896849615142,0,0,0.11460932380443808,0.6844353610693075,22.72725558713796
3.2677122817224893,0.7740533907405168,0,0,0.6535424563444978,0.17238636210516622,31.813810581049434
5.298170098451482,0.24767693954833556,1,0,1.0,0.072898451871655,90.0
3.94758097428287,0.6929989050409937,1,1,0.789516194856574,0.5018695310245037,92.66351666433333
3.002262838502554,0.7951762773507189,0,0,0.6004525677005108,0.08947312281038722,23.886458729260223
2.7989124702880246,0.9310139190900684,0,0,0.5597824940576049,0.10116561961310322,19.6289692187473
3.9272581956130397,0.7307434702476486,0,0,0.785451639122608,0.23568253457588495,28.666134624919103
4.4251315571168455,0.5473652019922548,0,0,0.8850263114233691,0.1608602934850979,90.0
4.351913388766132,0.5102394065356727,0,0,0.8703826777532264,0.9361630415509965,90.0
3.3243482670797353,0.772673132976298,0,0,0.6648696534159471,0.49298271045808906,33.20729932576108
3.095463808104877,0.9156925230837514,1,0,0.6190927616209754,0.333299859870525,46.53268542920139
3.205604132215211,0.6743429260319862,0,0,0.6411208264430421,0.3340455484199596,29.124504235073488
1.0875154613019484,1.1899863526687697,0,0,0.2175030922603897,0.035159250271194153,6.057620272459739
2.277298695036795,1.17095854819053,0,0,0.455459739007359,0.9655179182347664,37.757797947486985
2.575416624766714,0.8645696166806961,0,0,0.5150833249533429,0.2059881841884732,17.873836600491206
4.401128699274224,0.5271964494616872,0,0,0.8802257398548449,0.5637371014453995,90.0
1.6273857805425094,1.113565395841408,1,0,0.32547715610850186,0.7226835744744866,43.89125200905836
2.255739137824037,1.0014331741047582,0,0,0.45114782756480737,0.9437663822120144,24.632659581887975
5.870693136313379,0.2628647464832824,0,0,1.0,0.7023987210805986,90.0
4.1239599361617145,0.5624606634364415,0,0,0.8247919872323429,0.9994606810596731,44.44090199033005
4.912505334311128,0.42329173387498487,0,0,0.9825010668622255,0.28467473884646366,90.0
2.5678417206102653,0.9548977959499082,0,0,0.5135683441220531,0.10233217953406315,25.915068064393154
2.7577429253355863,0.9082453326047365,1,0,0.5515485850671172,0.3616660831950428,47.08566444036537
1.0962020499414251,1.2825145814003234,0,0,0.21924040998828503,0.4873748079212449,16.555891478879957
3.9380035397759072,0.642460622736073,0,0,0.7876007079551814,0.06290747601802393,30.976681291393632
1.530407352297339,1.1091351634823219,1,0,0.30608147045946776,0.3011755869973588,36.892688236938675
1.8693729453875076,0.9795266978662043,0,0,0.37387458907750154,0.9865694907793265,25.042032662097625
0.8075949257052412,1.2795898945878128,1,0,0.16151898514104823,0.5270076245815337,34.16192270315997
3.588769792417068,0.674222038518238,0,0,0.7177539584834136,0.21011777594021452,26.29959218718313
1.1398244992329367,1.2959691289542588,0,0,0.22796489984658735,0.14562864670542341,12.618666579775029
4.335873894804559,0.6425972179249397,1,0,0.8671747789609118,0.15585153655144346,90.0
1.8389343922097587,1.0614566564227554,0,0,0.36778687844195174,0.40252635549014204,20.91030284685984
5.56022028900247,0.22128667677232317,1,0,1.0,0.33721249040628576,90.0
2.712432275259481,0.902856533397693,0,0,0.5424864550518962,0.3507097879920843,21.618017571854093
4.750620458845768,0.42030354880026627,0,0,0.9501240917691536,0.15141044393608505,90.0
4.891494277781548,0.3517516503365271,0,0,0.9782988555563096,0.6282065970930439,90.0
1.1675455850174081,1.3497060667135121,1,0,0.23350911700348162,0.17449848639795518,23.34613667376273
2.582868455696376,0.9654460219169895,0,0,0.5165736911392752,0.8939730574625047,35.49628906532061
5.5588591447869,0.28488408715557345,0,0,1.0,0.6067162019700039,90.0
1.417330343510208,1.2404132344693368,0,0,0.2834660687020416,0.17397739952180358,16.059428485700536
2.3561237514213453,0.9775679214781055,0,0,0.4712247502842691,0.6634903451287101,25.457679850605306
5.09960222206353,0.34870209941254193,1,0,1.0,0.9747600813361953,90.0
5.133960261692503,0.4016623272455252,0,0,1.0,0.6382244150406114,90.0
2.4250377766024833,1.1429340546086868,0,0,0.48500755532049666,0.36456642751986446,27.24110797272835
5.140242913157377,0.4082607382764994,0,0,1.0,0.7136073662634715,90.0
1.6413132246168345,1.2236135444635161,0,1,0.3282626449233669,0.45221510010171806,39.06494567838711
1.2853210016733658,1.259072550268944,0,0,0.25706420033467314,0.8812506816818898,21.703899765008956
2.426025883825786,0.9840225069025706,0,0,0.4852051767651572,0.4426548482604331,21.97511758606463
3.1689670828844188,0.758509757879232,0,0,0.6337934165768837,0.36734051527727996,32.92774402503926
3.3927061729580266,0.712748752868453,0,0,0.6785412345916053,0.269439446303655,32.353987767704
2.026375426963159,1.0657900436145773,0,0,0.4052750853926318,0.029299443103418366,15.747972919953785
3.8995663105893326,0.8832723484145236,0,0,0.7799132621178665,0.19333923361205219,32.70343187828969
5.7290959226696945,0.16940251781241922,0,0,1.0,0.7171814470467577,90.0
3.459520652666112,0.608460880233671,0,0,0.6919041305332224,0.18993474366102003,27.286716107094154
3.033916942415515,0.7540499755526079,0,0,0.606783388483103,0.8245170697999292,30.283972515970717
2.797397118351367,0.8707179268110053,1,0,0.5594794236702734,0.7097370848010203,48.92118506667413
0.54046806293978,1.3366614427240484,0,1,0.108093612587956,0.9684191305004078,38.39702636681347
3.473039714639083,0.7892677476480905,0,0,0.6946079429278166,0.46572557766749756,31.04669839303435
1.8213476015536716,0.9015787349930513,0,0,0.36426952031073434,0.16427044945592806,8.510322818968621
3.2704568902447595,0.8197847676217814,0,1,0.6540913780489519,0.9122075712491822,80.5309297179171
1.6514161966125434,1.1552873662187897,0,0,0.3302832393225087,0.24665644684477783,18.8657462115304
3.0278811345310954,0.9071916048547032,0,0,0.605576226906219,0.5649526076524732,37.89854451648081
0.9847823386493567,1.4039888674003236,0,1,0.19695646772987135,0.277891125987756,28.980087318793395
3.2400411454568854,0.7340546004837867,1,0,0.6480082290913771,0.8824411913475817,48.29181660040909
1.6193110958253756,1.1176931224983815,0,0,0.3238622191650751,0.9406901877232318,28.40771195012385
0.7627975057477295,1.407383014182925,0,0,0.15255950114954592,0.4247941813314118,10.153324081872668
2.620538758204181,0.9349174420043113,0,1,0.5241077516408362,0.4652775312759233,46.229781021930386
0.8203080695115137,1.2845556289516362,0,1,0.16406161390230273,0.7668488978177731,30.741763561546456
1.9755796023527497,1.1924360196467907,1,0,0.39511592047054994,0.5151922261382137,44.16204078501721
4.7605894088615965,0.5920604168266518,0,0,0.9521178817723193,0.5295336150224574,90.0
1.9787384973845363,1.0715919457024052,0,1,0.39574769947690724,0.48421313934764165,39.417951309569986
0.8498079000778855,1.4094098283323364,1,0,0.1699615800155771,0.3202987424967425,31.483288825527037
5.486593133235994,0.3291146315002105,0,0,1.0,0.34728847430569776,90.0
1.9587568737647103,1.0941224292576752,0,0,0.3917513747529421,0.05535981693840952,15.061023035581243
3.4596655552189723,0.7953638617805722,1,0,0.6919331110437945,0.9689443971742911,63.51480930824816
4.426768713256243,0.5287108721146554,0,0,0.8853537426512487,0.1268728280630933,90.0
3.758714135470228,0.8602132063220627,0,0,0.7517428270940456,0.4913304319121309,32.34460279187222
5.727769588740242,0.14120161655427427,0,0,1.0,0.29892615009833323,90.0
2.7594901756208525,0.8668991427696825,0,0,0.5518980351241705,0.7804711383801549,27.27503012409336
1.606463777588837,1.1425409251382288,0,0,0.3212927555177674,0.8076258695629751,20.041604251038414
4.743103396727835,0.4295526538363062,0,0,0.948620679345567,0.7990821457719545,90.0
3.2966346941941436,0.8213548323185034,0,1,0.6593269388388288,0.15569259775593292,63.60911575970707
1.7411552067863028,1.1675155302852382,0,0,0.3482310413572606,0.9985608065856286,24.67550830628092
0.6364946629483204,1.325979247015145,1,0,0.12729893258966407,0.9016312294863601,42.2120206353969
5.594061425280446,0.33315127630648905,1,0,1.0,0.6069731162742654,90.0
1.5367491903755863,1.1587762602214715,0,0,0.3073498380751173,0.5027834418466806,11.279840991839762
1.2944006628529268,1.0607636190321155,0,0,0.25888013257058534,0.008495578607209509,6.4910771487391
4.685532906222554,0.3986687681376499,0,0,0.9371065812445109,0.9551751604781324,90.0
1.8208337781210782,1.020053083951192,0,0,0.36416675562421563,0.35619394346137945,15.873964986226348
4.333571576638446,0.3817788101468147,0,0,0.8667143153276893,0.005864727887161303,90.0
0.9318042764948542,1.3318074064868477,0,0,0.18636085529897084,0.5689214058447163,15.962472431595877
5.349399333012216,0.34348626333145016,0,0,1.0,0.04914839034517704,90.0
1.55084176640497,1.140572569008116,0,0,0.310168353280994,0.8543995133256802,29.427190582536884
4.619494595727263,0.43683871208550823,0,1,0.9238989191454525,0.5815888378497553,90.0
3.4341411480963058,0.6077558630035763,1,0,0.6868282296192612,0.11674790276879554,50.709227100438
1.2098581865598463,1.2917795598580881,0,0,0.24197163731196927,0.7640955865788793,20.17506694434496
1.8629684359879877,1.0226006681794824,0,0,0.37259368719759756,0.7254681684501628,26.492291945234626
1.1227717279251896,1.2205101667437788,0,0,0.22455434558503792,0.1716781950432169,0.2476465740758389
4.943072985046423,0.45504311834151956,0,0,0.9886145970092846,0.13839758596812457,90.0
4.16170882145952,0.7614153102861863,0,1,0.832341764291904,0.5873698685755769,79.50907073840602
0.969713663599806,1.413180091886709,0,0,0.1939427327199612,0.8947475708313011,18.970569958925402
1.9721764045686365,1.1363092315340757,1,0,0.3944352809137273,0.8589805471222202,45.90281924330583
0.9882529682592797,1.2505111314994284,0,0,0.19765059365185594,0.4179685080138871,16.450359057983235
1.8815560253245698,1.0208174582789769,0,0,0.37631120506491395,0.44185370809106395,18.195201973618047
2.4069531867975114,1.00736873839148,0,0,0.48139063735950227,0.7444421678375537,29.170764613224627
1.3358910036072817,1.177081073003664,1,0,0.26717820072145637,0.06325340889867959,26.824932754756546
1.224402443634953,1.2595134740117306,0,0,0.24488048872699059,0.5275796224253504,20.356922096931093
4.104897881423637,0.6380961904378581,0,0,0.8209795762847275,0.01612464637221489,27.468804147562444
2.5496142144178098,0.9878711990411613,0,0,0.5099228428835619,0.21778080176756853,12.795478398450037
4.223707981851057,0.5929438056269375,0,0,0.8447415963702113,0.3555297971520076,40.32826469722221
4.9487219646846095,0.45914758167401426,0,0,0.9897443929369218,0.30276760761742505,90.0
3.026403055950525,0.9952872410773932,1,0,0.605280611190105,0.23207857786616504,46.91500119232503
4.398950034383704,0.5549555180779747,0,0,0.8797900068767408,0.4377814772996199,90.0
1.7690402461387957,1.1887188464302505,0,0,0.35380804922775916,0.42766908582416907,15.810924974365767
3.778351621053273,0.6479486153846324,0,1,0.7556703242106546,0.8072616493262504,75.93166623281016
3.0279801489605314,0.7550879275115553,0,1,0.6055960297921062,0.003830290500322575,59.448233276510436
1.8096866378969931,1.1158829356073818,1,0,0.3619373275793986,0.9945642566845248,43.72516495714859
4.2354443474589605,0.43944056491255035,0,0,0.8470888694917921,0.08645750712015232,28.1557364362189
0.5078558869354719,1.4863093484993537,0,1,0.10157117738709438,0.28684664564719997,27.124050944088133
2.0425028561803042,1.0268847950105138,0,0,0.40850057123606087,0.9057567906364479,26.680383671242744
5.862979433392247,0.24495079170857448,0,0,1.0,0.8700249255201656,90.0
3.998580990539902,0.6001543271085423,0,0,0.7997161981079804,0.45341623062426806,29.975557869952254
5.941039698085117,0.18028565903357685,0,0,1.0,0.3159358223856368,90.0
4.510821370036624,0.5402558513719945,0,0,0.9021642740073249,0.3035039091479522,90.0
2.6916331916006793,0.8799364454580126,0,1,0.5383266383201358,0.31284462800566815,35.70140004575772
1.0392449596101692,1.216172830643449,0,0,0.20784899192203382,0.4643502498821417,14.407063094962957
2.8828801276996536,0.9171789104544663,0,0,0.5765760255399307,0.3164687840614986,28.14421774660983
4.75697298011705,0.4445466814042401,0,0,0.95139459602341,0.9325039530973825,90.0
5.227266365936939,0.3374384642464632,0,1,1.0,0.9657704438842871,100.0
1.6839797518220885,1.0875756581446139,0,0,0.3367959503644177,0.4050010985875484,20.018142454292335
5.623494239085861,0.26481515817139895,1,1,1.0,0.15652921341574122,100.0
2.5165073505305107,0.8601109292739836,1,1,0.5033014701061022,0.16695017903446918,61.628165020937736
1.1663550369354199,1.2149925666387589,0,0,0.23327100738708398,0.07173534374742496,4.04196473530965
1.7471723957028378,1.2029903098269223,0,1,0.3494344791405676,0.6338894618324419,35.83269413091929
0.8954869452404508,1.3079736605534475,0,0,0.17909738904809017,0.1796512179553419,5.7133161512851025
3.679396561068269,0.6908507530863555,0,0,0.7358793122136538,0.34022299445125703,33.229032780729604
5.207588542752138,0.24759765987413046,0,0,1.0,0.2655875983073599,90.0
4.719783667875727,0.41091053757249785,0,1,0.9439567335751453,0.9317314247538246,90.0
1.6377953148225828,1.061304074919514,0,0,0.32755906296451653,0.9007601624507324,23.39112827139465
5.615029577850899,0.2510337617129376,1,0,1.0,0.0036563113446492768,90.0
2.2603276030097037,0.8861934120319388,0,0,0.4520655206019407,0.6433697250697605,23.786462846883918
1.943806597657411,1.1058483793946619,0,0,0.3887613195314822,0.9778536935017818,29.71259536020008
1.6031056277343845,1.091507445849711,0,0,0.3206211255468769,0.9108342269897538,21.068034982568644
3.8844131234571586,0.6998598119133188,0,0,0.7768826246914318,0.565888605101759,35.12757593388057
3.8855394275624855,0.6370566696424491,0,0,0.7771078855124971,0.6381399025162693,34.841785689875366
2.2630977339850853,0.9897686157453669,0,1,0.45261954679701705,0.47517086602262826,39.52560100586159
2.2449254589627716,1.0051381922105962,0,0,0.4489850917925543,0.867152151001122,35.0710710941971
4.201544914587723,0.5825367098320782,0,0,0.8403089829175446,0.22867075138460335,30.4922590367583
5.353723077874751,0.11264874646328779,0,0,1.0,0.35982490063656647,90.0
3.474210972152986,0.8304080674357204,1,0,0.6948421944305971,0.3997195509744276,54.45989911424133
5.745369945704393,0.126107482537948,0,0,1.0,0.36218160279415157,90.0
4.1325834675043716,0.47793123673546234,0,0,0.8265166935008743,0.4133424598711922,34.581033551569114
3.5063821681501905,0.8550976791364905,1,0,0.7012764336300381,0.03881294781180211,43.50019562672068
1.5677082374528473,1.2139314800961973,1,0,0.31354164749056945,0.3032081937596749,35.76971298468504
2.861963433932864,0.7728331783135544,0,1,0.5723926867865728,0.24071258566350673,43.22748090449051
1.8197189704799723,1.2436019101493017,1,0,0.3639437940959945,0.6215073111380841,45.49622164707056
0.713397001008881,1.3783829516515593,0,0,0.14267940020177622,0.3768106277742125,8.975514552587839
3.434549384544687,0.6909482609976401,1,0,0.6869098769089373,0.19152132205014816,43.789575523787455
3.2734490343616733,0.7491840254837425,0,0,0.6546898068723347,0.7476518245649778,36.29587119947114
3.52879799582137,0.7605784275559802,0,0,0.705759599164274,0.9843219788140413,44.670181705087
2.609146174162734,0.9612294101946719,0,0,0.5218292348325468,0.5867679078445912,23.389665352588892
2.9515140149657806,0.8098572575492182,0,0,0.5903028029931561,0.6636247207672996,33.533046320214766
4.811845177780742,0.5726258433628799,0,1,0.9623690355561484,0.38305880642100354,90.0
4.512367820870411,0.5916613045506421,0,1,0.9024735641740822,0.48379689658279634,90.0
3.1974700320477245,0.8133498356681799,0,0,0.6394940064095449,0.9108242203303961,34.98971337876462
5.688205615307823,0.4100409552497044,0,0,1.0,0.6009571949974972,90.0
0.6886384571682143,1.2511011244441261,0,0,0.13772769143364286,0.432437166716503,11.27268589348662
3.9274483349270297,0.6365185041914085,0,0,0.7854896669854059,0.6374046122611835,33.84197538861193
3.5619009110406963,0.6492186606029933,0,0,0.7123801822081393,0.4841844983225968,37.06394930284911
4.064561699935893,0.48417513954253155,0,0,0.8129123399871785,0.9232237469852286,46.092625654074034
4.291036266742104,0.5287844179691878,0,0,0.8582072533484209,0.04366092871300853,90.0
1.8014822230850487,0.9881893481865911,0,0,0.3602964446170097,0.24474507963692727,19.02905264896082
5.348172007739008,0.452987217036804,1,0,1.0,0.19127737103739706,90.0
3.344148619713057,0.7789912535026018,0,1,0.6688297239426114,0.12248141685029723,63.58870242288493
3.4371986226256115,0.725414278389245,0,0,0.6874397245251223,0.2781436404489108,32.11294934116355
2.28478657042921,0.9905582309064256,0,0,0.456957314085842,0.1621833724078774,19.121461238631984
3.1754331292803095,0.850383912750885,0,0,0.6350866258560619,0.12628347258456896,25.71466311114382
5.701770734854909,0.2737229718393026,0,1,1.0,0.7199595393694795,98.83150223617176
4.64597542138103,0.45417217180379316,0,0,0.9291950842762059,0.10395937591238957,90.0
5.793009240499906,0.1999787614442071,1,0,1.0,0.46180648156201864,90.0
2.2293875819627296,1.1374590932064945,0,0,0.4458775163925459,0.6993129211553037,28.34820050493791
4.411169993584073,0.39500431858519724,0,0,0.8822339987168146,0.8868315394689592,90.0
2.580911699254558,0.900925581402018,0,1,0.5161823398509117,0.770437802792337,50.59148155936307
1.6579066864233716,1.008297828064779,0,0,0.3315813372846743,0.7712248152904037,23.208071588352382
1.7545520784631181,1.1270730835850846,0,0,0.3509104156926236,0.6050712534377437,24.33972247903571
3.5793979251518198,0.8152557370135026,0,0,0.715879585030364,0.5417603199410154,19.026759374898937
1.2209392393758671,1.2194775837453316,0,0,0.24418784787517342,0.11260922934922069,12.270344332988746
5.636930801819394,0.21374708146029558,0,0,1.0,0.794662892397889,90.0
3.009742513030293,0.7950120807574319,0,0,0.6019485026060586,0.6116556756460141,27.2133096268911
3.6116101860313026,0.7282777092108484,1,1,0.7223220372062605,0.24471559702370094,89.51198022812036
1.2236091865164505,1.2811399862504373,1,0,0.24472183730329009,0.1100177211275436,28.956028794275994
5.710853989328863,0.23062952657425706,0,0,1.0,0.5438779211611176,90.0
2.3620471509037824,1.1684913739189322,1,0,0.4724094301807565,0.4340488684781807,40.83688862284693
5.006853195187008,0.25422691676376075,0,0,1.0,0.8627707774592256,90.0
1.3959645996256673,1.2218287474506613,1,0,0.27919291992513345,0.9039530651898893,44.61028701618768
2.2636451510503774,0.951802639930797,0,0,0.4527290302100755,0.44447997797779104,22.804948495617754
1.9096080645306965,1.125285323493645,0,0,0.3819216129061393,0.07924960612992882,10.421061076831531
1.553192881994657,1.1326895278531688,0,0,0.3106385763989314,0.9639160120731884,15.710812155419587
4.028688246838668,0.6092041404202772,1,0,0.8057376493677337,0.09455634477438823,48.08878936793699
4.671116243744548,0.5758183859955002,0,0,0.9342232487489095,0.6225493962131138,90.0
1.643031128023597,1.3857243204497196,0,1,0.3286062256047194,0.8424641068355752,45.25900166289958
4.473054291980391,0.41634670583077926,1,0,0.8946108583960782,0.487467835463974,90.0
2.5026658126282797,0.8771984337160126,0,0,0.5005331625256559,0.887751524671688,32.19164387501522
0.723221416740823,1.418214828358668,0,1,0.1446442833481646,0.5265949425897893,30.256141450255598
2.168045643359949,0.9761076390134003,1,0,0.4336091286719898,0.654907123147859,44.25638460644595
2.9350476023855205,0.7296437086069044,0,0,0.5870095204771041,0.19378913002335485,34.786152614626054
1.680106510510674,1.067590175413041,0,0,0.3360213021021348,0.8616249500839784,27.090151673008936
5.682019999693012,0.07519618126339264,0,0,1.0,0.2685000761974954,90.0
4.098296789699249,0.6526741144036649,0,0,0.8196593579398497,0.4893227474751214,36.23346038251884
3.319169187583164,0.7434224746808138,0,0,0.6638338375166328,0.9406399991861139,30.549505458382125
2.3112670261537733,0.9911368393399869,0,0,0.46225340523075464,0.7604646062760667,25.210792051612074
5.917110096428204,0.2285424694009534,0,0,1.0,0.8496001749824581,90.0
3.1407421680110525,0.7990749290824593,0,0,0.6281484336022105,0.9009077302669907,26.146121315309145
4.208028218562876,0.5117530764323126,0,0,0.8416056437125752,0.07869767519539905,31.676195597548308
3.4002099260331633,0.876608506733719,0,0,0.6800419852066326,0.17478671504515797,19.600726407259963
5.929050472582642,0.3423450589003207,0,0,1.0,0.9758708627835366,90.0
2.0744246946075076,1.1925271571047906,0,0,0.4148849389215015,0.5365781900286203,18.784543185761734
2.0301945288785217,1.078448433039351,0,0,0.40603890577570434,0.6906153123866363,27.234729681508632
3.648242492822708,0.5599356523489213,0,0,0.7296484985645416,0.9706680277938705,35.28650508808569
1.4664338521025422,1.0608575146766916,0,0,0.29328677042050844,0.8251348756614191,30.105438308780165
3.168905822809826,0.6533364743192407,0,0,0.6337811645619652,0.7141191409249159,34.556028479567516
1.5792885492832058,1.080011901075546,0,0,0.3158577098566412,0.3677085081275432,22.859872491638697
1.0534098747242455,1.3548381374136507,0,0,0.2106819749448491,0.46010262655768797,9.241749199175356
1.5639597540656562,1.1432367594280346,0,0,0.31279195081313127,0.127408071695429,13.729157499262877
4.0159458574974956,0.507694376141017,0,0,0.8031891714994991,0.25602117306151306,36.8631385498119
4.079553727691304,0.6102077191127128,0,0,0.8159107455382608,0.6040049977395001,33.554438041058646
5.292334757871554,0.22441482276755645,0,0,1.0,0.36727770128070925,90.0
5.525979874437193,0.17303683874925285,0,0,1.0,0.6507883208469019,90.0
3.8779286767539096,0.7286515529426139,0,0,0.7755857353507819,0.5127498997939296,32.70302224771634
2.6903762917487706,1.0754433253975544,0,0,0.5380752583497541,0.4467395253113928,25.39216660921698
2.38631585835043,0.960311849181561,0,0,0.47726317167008603,0.6786600938268971,22.492158146177275
2.814930908175743,0.8887978792399602,1,0,0.5629861816351486,0.3972912929459057,47.54220133901236
2.35266235795934,1.0695034573544935,0,0,0.470532471591868,0.8503177081575989,30.061250007000147
1.6706754732109659,1.172920348680835,1,0,0.33413509464219315,0.12978296572261128,41.60505133009276
3.5625009815306914,0.7069940654299945,0,0,0.7125001963061383,0.9304486005450311,41.32449838737581
5.103103080645431,0.39761385981735037,1,0,1.0,0.23921108803421876,90.0
4.828366896596605,0.4251319210655402,0,0,0.965673379319321,0.7286151567927769,90.0
2.4516514788686203,1.0692335839035674,0,0,0.49033029577372406,0.2594491710680763,28.21998076019562
0.9655681447154594,1.2642089840340756,0,0,0.19311362894309186,0.7012933420883841,15.66335567561787
4.839723323111259,0.34736847186575637,0,0,0.9679446646222518,0.06121665814357202,90.0
3.7500385105497474,0.7312367394183437,0,1,0.7500077021099495,0.408927235756672,70.27343733253048
4.140834116978487,0.7656900215571092,0,0,0.8281668233956975,0.5078974160033809,34.226900647941704
3.4072131079059327,0.7986502445359958,0,0,0.6814426215811865,0.720616290663715,37.84048356186333
3.2516783599498313,0.7759357434841049,0,0,0.6503356719899662,0.7463138125690768,32.443349529875334
0.5459508729467621,1.403326954633219,0,1,0.10919017458935243,0.7054966519346239,29.597753137084624
4.1947859864017625,0.5846894264807546,0,0,0.8389571972803525,0.7306790115283902,36.1782275412098
3.370242624326983,0.7984350081270422,1,0,0.6740485248653967,0.9902225346150739,61.45997893822879
1.651736926724635,1.211715765419633,0,0,0.33034738534492697,0.9040349864545593,20.23012802625314
2.2609964208564124,0.9205540761689931,0,0,0.45219928417128247,0.21120825858795167,21.232448122924847
2.222501278869993,0.8962212453693149,0,0,0.44450025577399865,0.744419253813326,24.406382427939207
5.841709515370219,0.30278286864519827,0,0,1.0,0.6906227420813416,90.0
3.3238897341920106,0.8320019399609901,0,1,0.6647779468384021,0.7506690142816549,75.74965586226028
3.1873270923289163,0.6679417175423386,1,0,0.6374654184657833,0.043846852496629896,46.840774486315624
2.296420481614048,0.9505558193494124,0,0,0.45928409632280964,0.33269017969267,21.67999214894514
2.9106423441824125,0.8017543847317357,0,0,0.5821284688364825,0.20015421124936683,21.3276289929735
2.2577418444299906,0.9461371069211543,0,0,0.45154836888599814,0.8123173327141189,28.60233197213018
4.638250782666051,0.5458014676722099,0,0,0.9276501565332103,0.642278163507115,90.0
0.7109885513338605,1.447248684448366,0,0,0.1421977102667721,0.2774267348009791,11.404020993302773
4.0354112758914535,0.6722649429141991,0,0,0.8070822551782907,0.5613558241893379,38.22883205413405
5.355600698729435,0.4630518706037074,0,0,1.0,0.9646904788284609,90.0
0.9045984481867111,1.486668661083868,0,0,0.18091968963734223,0.7680893784186665,20.267441980258912
4.609735547987228,0.3958369882581971,1,0,0.9219471095974455,0.8811051483565658,90.0
1.9116392944275293,1.1324443592163371,0,0,0.38232785888550586,0.6895342089054152,24.289708690993173
2.391887999740036,1.0328905027332214,0,0,0.4783775999480072,0.03105687603515561,22.3303983541945
3.5479969049683935,0.7374613571865614,1,0,0.7095993809936787,0.3667520764259401,56.65361730545268
1.8038871514579793,1.041885201182744,1,0,0.36077743029159587,0.9223077754835848,46.08415364391544
2.84241235270175,0.877367130639325,1,0,0.56848247054035,0.7482388061809001,52.33200166850297
5.466778592063835,0.3535737546625637,0,0,1.0,0.14112611829932187,90.0
0.5043423110127033,1.4455431695585708,0,0,0.10086846220254067,0.07869857670750946,5.622839482537809
3.820653291106871,0.7002544293357148,0,0,0.7641306582213743,0.5994305420276217,32.830593936253834
1.4420037586643177,1.1132514868283756,0,0,0.28840075173286356,0.6881176592063503,24.670887133887785
1.2050344004575395,1.1121094455717302,0,0,0.2410068800915079,0.8817173063953962,19.848268496615486
5.40501116273637,0.347878541354335,0,0,1.0,0.7133217295012723,90.0
4.12682785767454,0.47676625959073615,0,0,0.825365571534908,0.719022820433601,42.979949207751716
3.2713883823520042,0.6999865777200882,0,0,0.6542776764704008,0.0257424097472162,26.62485371324548
2.3757633005684298,0.9796091497484779,0,0,0.47515266011368595,0.030824618699370254,17.17963034842845
5.335623856719605,0.15503362156721884,1,0,1.0,0.5814248948690871,90.0
3.519128884746357,0.696747656260715,0,0,0.7038257769492714,0.0007168587065797816,18.912858739354846
5.652693865500584,0.21728796642359352,0,0,1.0,0.12305212359032491,90.0
5.9249245761928915,0.13912522014480935,0,0,1.0,0.8545686640326409,90.0
1.9132376472965844,0.9604945863100417,0,0,0.3826475294593169,0.9405373011029476,25.996980167965983
5.482691823594455,0.13865536615787005,0,0,1.0,0.727579322134944,90.0
2.9840144753536086,0.9004122116959322,0,0,0.5968028950707217,0.4134657667101601,19.4008314063118
1.6341149374597836,1.3195629667005164,0,0,0.3268229874919567,0.8690990687247285,20.71947400121394
3.62575533092859,0.644165863981633,0,0,0.725151066185718,0.6145410182213155,34.19185919890365
5.076893495510151,0.29991310471425314,0,0,1.0,0.6979904714977925,90.0
4.846429471679316,0.43056528435688435,0,0,0.9692858943358631,0.2313487132001505,90.0
1.250041077662021,1.1069580508268335,1,0,0.2500082155324042,0.3458285703095939,38.02776727306212
2.468126372528433,0.9640710583546207,0,0,0.49362527450568655,0.387050011934887,26.97825526669525
4.059722558688206,0.7796401779414747,1,0,0.8119445117376412,0.8226479271938894,53.31183901650383
1.6552603551063827,1.0074253606209203,0,0,0.33105207102127654,0.503570074403555,15.43217323409667
4.90903424407252,0.38296735076532423,1,0,0.981806848814504,0.4904544085197847,90.0
1.9173260650404882,1.0936289209176564,0,0,0.38346521300809766,0.8031330889362459,29.32668581854188
0.742800591481005,1.30006408599671,0,0,0.148560118296201,0.41291118958921325,16.531020195314767
3.4562156452027897,0.8029648945428683,0,0,0.691243129040558,0.4109606080359033,25.88285398570269
4.063103712345246,0.5378962100653544,0,1,0.8126207424690491,0.26066638256210173,74.60141664537295
5.193405736847981,0.3871630606472866,0,0,1.0,0.7692505592415867,90.0
3.781976445584194,0.5699261036339711,0,0,0.7563952891168388,0.5852608755098465,31.892508109569828
2.4763644478368296,0.7768967601937975,0,1,0.4952728895673659,0.16392026204694488,38.183824275464644
2.5977484544671787,0.9560047650690556,0,1,0.5195496908934357,0.2788719262609649,38.413740321317235
5.726161632259866,0.25232707362724033,0,0,1.0,0.5298090570700541,90.0
4.181415929195378,0.5577917816394451,0,0,0.8362831858390756,0.3149332274589325,35.05099220849885
1.2093839935994088,1.4252891159776915,0,0,0.24187679871988177,0.03279987427689601,5.888162843580066
2.811844640575244,0.7982234636474639,1,0,0.5623689281150488,0.1537493121029181,43.6734921264497
5.569496681984138,0.33955696358989007,0,0,1.0,0.21100669170752606,90.0
4.285611491349902,0.5316761725248423,0,0,0.8571222982699804,0.45326177252585964,90.0
4.857044660513848,0.46756774161205716,0,0,0.9714089321027697,0.31484115540873536,90.0
1.142422592536736,1.1790226811902258,0,1,0.2284845185073472,0.10448031675395808,26.844852059221626
4.461473581710676,0.4691665776890641,1,0,0.8922947163421352,0.36372552113568424,90.0
4.660962209224187,0.5434830769917813,0,0,0.9321924418448374,0.4481708470213185,90.0
4.00181102896868,0.6748520192074312,0,0,0.800362205793736,0.6177269240617943,32.92961970872901
3.0097925810231922,0.837423584406174,1,0,0.6019585162046385,0.41050482134835653,51.12897053931836
1.7654647052161128,1.2072758818511515,0,0,0.35309294104322253,0.8060967479607475,23.072419348844015
2.4441261132060834,0.8596819005405064,0,0,0.4888252226412167,0.09896862340870682,21.461728291557844
1.9925976729377153,1.0294708341891456,1,1,0.3985195345875431,0.2682760204535567,61.69128491661198
0.7253802223743975,1.3058528459380507,0,0,0.14507604447487948,0.031174909111921223,12.77564648206883
5.2860817977073316,0.4149312807032362,0,0,1.0,0.23448400678316994,90.0
3.143564155718249,0.9756582778997143,0,1,0.6287128311436498,0.16975849820713584,67.84025529129215
5.811092461215268,0.22049303076972399,0,0,1.0,0.570664578980789,90.0
2.8957403690698995,0.9888250899432289,0,0,0.5791480738139799,0.24995898123949556,21.71645628238557
3.8524068036473498,0.5078162693951702,0,0,0.7704813607294699,0.1418443976169852,33.82489102606578
1.6759066586450306,1.156456600881346,0,1,0.3351813317290061,0.7296784136472413,39.96615309611003
0.786252113158723,1.494923123429115,1,0,0.1572504226317446,0.9053218283760898,33.54195465047989
0.9567131679560255,1.2690108986070907,0,0,0.1913426335912051,0.9882621151431868,16.172623471288624
2.6386832306076404,0.8181379522321917,0,0,0.527736646121528,0.7704117870686438,31.78163127051618
3.247901265993191,0.7078310029413977,0,0,0.6495802531986382,0.2421834455937677,33.27826871634158
1.444404939355285,1.0355457762228701,0,0,0.288880987871057,0.6549411045673216,20.97683814028034
2.058130903987362,1.1062212755332206,0,1,0.41162618079747243,0.3736056595340591,37.18748516468156
4.2480333688444425,0.5532488205746909,1,0,0.8496066737688885,0.2878795033348446,51.49169158510267
1.1614902972073378,1.3217553984589747,0,1,0.23229805944146756,0.022202812987850318,33.892772922974885
2.170481183975042,1.0038463858425188,0,0,0.4340962367950084,0.8238017499205379,29.742899851542518
1.0673071848309859,1.3109832379218154,0,0,0.21346143696619718,0.7832900924388664,15.778222522709651
5.795316443894027,0.20774203264864843,0,0,1.0,0.363189123716225,90.0
0.787477671588781,1.2764430759270782,0,0,0.1574955343177562,0.8025607481516279,24.868073577504997
3.175153954488916,0.8779959549512778,0,0,0.6350307908977831,0.7305146540263266,27.59895023431718
0.7217888184652288,1.3060304638627849,1,0,0.14435776369304576,0.3648180963078569,28.14310036237029
5.3036530185007065,0.20242085442949298,0,0,1.0,0.316684356016926,90.0
4.225171776139776,0.6198272528280655,0,0,0.8450343552279552,0.40740527161134876,28.95976008705851
5.6532208964978246,0.37729385895468265,0,0,1.0,0.05853660008005013,90.0
2.1797742419851325,0.994315381490552,0,0,0.4359548483970265,0.5578101257354344,22.253321406384785
2.587037593264056,1.1597426548926024,0,0,0.5174075186528112,0.7334018493349057,30.30337531127593
5.292023434666365,0.3130116355291327,0,0,1.0,0.1258023363460513,90.0
3.7413240472125042,0.5622427953427943,0,0,0.7482648094425008,0.5904261031078913,35.530969008088405
1.0330452988684717,1.4183997790588143,0,0,0.20660905977369434,0.15265816454078374,11.246388812445922
4.405952966245884,0.39112515127406255,0,0,0.8811905932491768,0.5908719229742585,90.0
5.522632789977948,0.18352542805739763,1,0,1.0,0.9810294891150761,90.52025996227856
3.87539383249061,0.6928680771192977,0,0,0.775078766498122,0.013949018691911452,24.55291146140913
4.1141536148370035,0.6993183988370725,0,0,0.8228307229674007,0.10796244811083555,24.10049035717246
0.883052272615461,1.3529288809129563,0,0,0.1766104545230922,0.4224457900308791,22.679617149497147
2.6894794802992696,0.9799565573275186,1,0,0.5378958960598539,0.01795786375015096,32.1342530158892
0.9098075400025204,1.339936042358539,0,0,0.1819615080005041,0.18936087579186278,9.253446798173902
4.7422772876926755,0.48643787894857515,0,0,0.9484554575385351,0.8285302595815085,90.0
4.835513644939563,0.5064632839531714,0,0,0.9671027289879126,0.20113654259037728,90.0
1.4824588221486472,1.1015460859142834,0,0,0.29649176442972947,0.27067460596528936,7.2436751590886095
0.6604386771574096,1.2303920506695665,0,0,0.13208773543148192,0.7467433077981598,22.090256863897896
5.217710516048433,0.26396173743416285,0,0,1.0,0.4412296690917168,90.0
0.8575043392188868,1.3001651318509848,1,0,0.17150086784377735,0.46458276443924607,33.457587843278425
4.5940251236719485,0.5867486441501324,0,0,0.9188050247343897,0.46245681706514796,90.0
5.675311833135366,0.05,0,0,1.0,0.5544891143211708,90.0
1.4888879742229146,1.2127054637929993,0,0,0.29777759484458294,0.03282549881924013,10.775936022898577
3.0732270444878793,0.9072933775800673,0,0,0.6146454088975759,0.5484009367419117,31.591251754059115
1.5852268381683297,1.0591681188463486,0,0,0.3170453676336659,0.15853615849992353,9.61635851496046
4.969811738566803,0.37742680821180447,0,0,0.9939623477133607,0.7636104796141586,90.0
2.9603283466640327,0.8901061677561037,0,0,0.5920656693328066,0.4370337254497708,32.34519327066329
2.682891661989718,0.9508876856171795,0,0,0.5365783323979436,0.22683710232549514,28.385320541841125
3.6652556015798243,0.7353790684189173,0,0,0.7330511203159649,0.852538740855967,27.742131727753325
1.918667287327953,1.1136733692272305,0,0,0.3837334574655906,0.09019570020024437,14.751681696892518
3.8330825136369375,0.7301643644942727,0,0,0.7666165027273875,0.44991278108550536,36.32853759028562
5.221053588685844,0.3512667822101147,1,0,1.0,0.5383841868964332,90.0
2.999655031254462,0.8449581798085241,0,0,0.5999310062508924,0.9806482195640496,29.217447188671734
2.4264980386813018,0.8789516250752536,0,0,0.48529960773626035,0.5706831750719786,24.976740182289653
4.683876433241423,0.4881760336440531,0,0,0.9367752866482846,0.011526014052985256,90.0
1.2168739796298955,1.1757974355065346,1,0,0.2433747959259791,0.13032394670232816,29.066829552949777
1.5949527205537675,1.0954044630566926,1,1,0.3189905441107535,0.24674742066738087,55.406093017135994
2.9755239772497264,0.8481352707856951,0,0,0.5951047954499453,0.20683711061660848,23.464168508870905
4.097126927123183,0.4992577504546202,0,0,0.8194253854246366,0.8586720549294962,40.26043482583777
1.146117443820711,1.3005689907477382,0,0,0.22922348876414217,0.4415472888798304,18.985342400566864
5.697416320557137,0.2767311165036709,0,1,1.0,0.32997489529027646,91.04741836785026
5.792022502204901,0.20357880028758724,1,1,1.0,0.25266300217128235,100.0
2.9022744312782582,0.7115820190641875,0,0,0.5804548862556517,0.28193688434175845,25.282640561782095
2.9397983572500292,0.861767158769296,0,0,0.5879596714500058,0.6500924511399314,29.954477047955738
4.095110620230912,0.6105768349978862,1,0,0.8190221240461824,0.76576332104754,59.81338242587807
1.003156268613059,1.1534152552217831,0,0,0.2006312537226118,0.13503813668054743,9.373061463886682
3.0775840034801187,0.7229064325976289,0,0,0.6155168006960238,0.30932422435822293,27.026211701570944
2.043495689320837,1.1123973881679552,0,0,0.4086991378641674,0.651679794878427,24.79612279389613
4.4193077401411625,0.438307462930398,0,1,0.8838615480282325,0.9232995082699295,90.0
3.0152413544105117,0.8235822656295668,0,0,0.6030482708821023,0.42640605649197283,32.24609712322187
3.4557931622989386,0.7360405919642762,0,0,0.6911586324597877,0.635156988863935,32.14372168955884
5.502554856404614,0.2926830954386138,0,0,1.0,0.32389555258037916,90.0
1.2493781080058781,1.2190960184333623,1,0,0.24987562160117563,0.6741921166150008,42.862259222048834
4.923436349081475,0.3317245138768312,0,0,0.9846872698162951,0.3736502963729842,90.0
2.634668012226734,0.9407182874344153,0,0,0.5269336024453468,0.6795518365726839,25.828951865654254
0.8690155294643329,1.421273627599113,1,0,0.17380310589286657,0.8974190500781737,41.481277554810305
4.108803505160932,0.5928678597778859,0,1,0.8217607010321863,0.8999095433546718,86.40505869049503
2.964884803529511,0.7906473977749444,0,0,0.5929769607059022,0.26857960433296657,18.7564363731275
5.235846150638457,0.3644751270844376,0,0,1.0,0.06154303413483686,90.0
1.9848550027050413,1.0963451012594365,0,0,0.39697100054100826,0.4703240479372064,22.099636166040252
5.304664181678538,0.33934529522223333,0,0,1.0,0.009538954025544943,90.0
2.7158951707752674,0.9217122222471901,0,0,0.5431790341550535,0.3477700976044378,25.855444562919967
3.3628629350283297,0.6840305964304298,0,0,0.6725725870056659,0.15468484818486117,33.106300795458296
2.9835086254958343,0.9778512827705567,0,0,0.5967017250991669,0.877489241731488,30.754057998546806
2.7997237988649246,0.8640852304523731,1,1,0.559944759772985,0.0977072753867585,59.589876221391734
0.5824917520742517,1.3727027160115592,1,0,0.11649835041485035,0.6044889822584595,27.800765428656938
2.023639968782934,1.0210224128183305,0,0,0.4047279937565868,0.22149354885964,20.31382205670096
0.6913955992759256,1.2182123053931893,1,0,0.13827911985518512,0.4570239521926255,28.90381132480527
3.835817239277704,0.7495736794752329,0,0,0.7671634478555408,0.26503491814054747,32.315342887206306
3.449057536052123,0.5752948616708011,0,0,0.6898115072104246,0.2137366879819107,20.304482757546946
1.5832449661479675,1.037756314514812,0,0,0.3166489932295935,0.4489117225927901,15.990777870567193
3.454431268822159,0.702494748113198,1,0,0.6908862537644318,0.41209360963253916,48.74637730370401
0.6958668265006281,1.585233695273973,0,0,0.13917336530012564,0.17748183499101178,7.088123679948346
1.8872272382684034,1.0842281999809746,0,0,0.3774454476536807,0.3255033381261354,13.587248240784625
1.29028193851317,1.2396054568812809,0,0,0.258056387702634,0.8081570490242127,28.458318151919563
1.4690692339033613,1.0465729408146964,0,0,0.29381384678067224,0.08693956069225417,15.828732611256608
1.7262250470676448,1.0962093122116117,0,0,0.345245009413529,0.012069935300617951,7.059613861414391
3.354155503456163,0.7975576252905286,0,0,0.6708311006912326,0.5734016258977038,32.48535404554371
5.603453464241149,0.2261513336898322,0,0,1.0,0.504421039715213,90.0
4.592271981757178,0.4286322290762119,0,0,0.9184543963514356,0.28949786511971964,90.0
4.152691566058428,0.6623397884011335,1,0,0.8305383132116855,0.6915055458135945,58.72518904540832
5.3584233556215715,0.1624271271114979,0,0,1.0,0.38853114800604205,90.0
5.261499804087365,0.2891067250376847,0,0,1.0,0.284104149227433,90.0
1.4684910836911966,1.108022917351973,0,0,0.2936982167382393,0.9820773786356308,28.392163798485125
2.651007342815213,1.0521251715826199,0,0,0.5302014685630426,0.05393258284087121,25.5469909933743
3.3410058071409425,0.6696166150703379,0,0,0.6682011614281885,0.10102824649125852,24.96694793719809
3.853395075452179,0.6023263037975211,0,1,0.7706790150904358,0.8546174631518354,76.74486136589218
1.7677216054333649,1.0248687779125327,0,0,0.353544321086673,0.6713680088967957,19.881831397495084
3.377369823997029,0.8027486961293249,0,0,0.6754739647994058,0.1701526411445169,28.577603773303622
1.900962752516519,1.1131666484907312,0,1,0.3801925505033038,0.12637014194700513,28.597165702325782
5.8553067416760936,0.2705003754463824,0,0,1.0,0.8578891852462399,90.0
2.1987349458005476,1.0800226985684447,0,0,0.4397469891601095,0.7322379140922876,33.99480566612982
0.9827510276789231,1.3409572291948104,0,0,0.19655020553578462,0.7166319367020314,18.84315332941781
2.9050490653453966,0.7781903415790346,0,0,0.5810098130690793,0.4766204563105404,26.38607090782853
4.699884144289112,0.4552415000889169,1,0,0.9399768288578224,0.8413567713051986,90.0
2.7816618360830017,0.8680155028091736,0,0,0.5563323672166003,0.3462660507879305,23.394462758750723
4.100416564335045,0.6521366738335724,0,0,0.8200833128670091,0.3422655927897462,40.422216672973335
0.9613055620360664,1.3693092160886318,0,0,0.19226111240721327,0.2621129720167965,5.334361049658668
2.386742031861556,1.1027492218061703,0,1,0.4773484063723112,0.04188039383877551,34.74589104802065
3.266875774476155,0.8428891285857025,0,0,0.653375154895231,0.853629928527957,36.2899562798218
1.8306025046558012,1.1156718978993638,0,0,0.3661205009311602,0.04488101647271803,13.981322037715538
5.560625973274458,0.23828574671499342,0,0,1.0,0.12434531744241073,90.0
1.6784949512064276,1.1401960025839195,0,0,0.3356989902412855,0.8171021330026149,21.231833095635473
5.235548517194075,0.29074693478456665,0,0,1.0,0.35023661432707676,90.0
5.544041778444869,0.31161781520969867,0,1,1.0,0.1125041332380915,90.0
1.0218632658116604,1.1851009634591356,0,0,0.20437265316233208,0.4429140980419636,7.847314664408104
0.6879657397259809,1.4282707692220467,0,0,0.13759314794519617,0.6981169240835235,12.974633372851038
2.2103516176066833,0.9910361543552068,1,1,0.4420703235213367,0.49384701474156134,60.88436204946654
0.5533519520767323,1.345059002508108,0,0,0.11067039041534646,0.9433572987098816,14.665056503740356
2.507960203064204,0.9524377871021361,0,0,0.5015920406128408,0.6267838170518446,27.265534661162132
4.009017793689365,0.6876520189676444,1,0,0.801803558737873,0.7769463883925212,68.05896287008197
5.298545482960208,0.5138336957889982,1,0,1.0,0.5708530255443127,90.0
3.3988901618240206,0.7608430218652289,1,0,0.6797780323648042,0.5943317339265958,50.983936732114294
3.764857994455279,0.667250067473145,0,0,0.7529715988910558,0.6676017135832351,37.38006561164664
3.8519491353000337,0.5967884957964075,1,0,0.7703898270600067,0.31336940643035793,52.636010452081
3.0429879598625655,0.9108379057191958,1,0,0.6085975919725131,0.8639358074599548,53.046018311510316
4.798377212431869,0.3139783600452931,1,0,0.9596754424863738,0.5648191628863961,90.0
2.365618871995549,1.0690343507298257,1,0,0.4731237743991098,0.8531729786467225,43.88284621276881
1.9552841153456648,0.8470050248058992,0,0,0.391056823069133,0.6615243241461749,28.002638142585923
3.7555292243048854,0.7126408379612449,0,0,0.7511058448609771,0.5964745775439524,41.670678765489065
2.0123855558550208,1.0467148694835535,0,0,0.40247711117100415,0.720433702225778,21.740328005506544
4.040738344556845,0.7051567992082965,0,0,0.8081476689113691,0.553427700787068,33.49974517547045
0.5626431744870404,1.3014861650488878,1,0,0.11252863489740808,0.5876944695313122,38.677464426992294
1.8870009000059818,1.037113466949427,0,0,0.37740018000119635,0.5149294953924828,16.50153745270307
1.4095373403225226,1.331448771001095,0,0,0.2819074680645045,0.3405759374211187,15.773429749329992
2.1563746088199496,1.0203895429591867,0,0,0.4312749217639899,0.36695783181699526,31.490784489891787
0.9614387834590012,1.1878418747377129,1,0,0.19228775669180026,0.30557645932782573,34.83027167028855
3.34701414629189,0.8513803114938013,0,1,0.669402829258378,0.42555587769671754,61.76043466025527
2.4152685183905276,0.896332482597897,1,0,0.4830537036781055,0.7195584132654349,53.28434128924115
1.090992690430376,1.2979049930262938,0,0,0.2181985380860752,0.3162923487256244,15.165595732205196
5.868388223175474,0.18510414456012816,0,0,1.0,0.5713200154331027,90.0
5.742185368793808,0.3436297631416172,0,0,1.0,0.31500827518977403,90.0
3.665522293071068,0.6363652140189577,0,1,0.7331044586142136,0.8526661531017207,75.67194140448188
4.7618588773912185,0.4604892652007234,0,0,0.9523717754782437,0.505028046148767,90.0
0.6677310131901495,1.315547324103329,0,0,0.1335462026380299,0.7407798671606725,21.912384964337285
4.813029485776438,0.5041153521692784,0,0,0.9626058971552875,0.4698454349836749,90.0
2.319361452852106,0.9275378304561482,0,0,0.4638722905704212,0.9799144327823803,35.580681916329
1.7423477711346673,1.0216006540334852,0,0,0.3484695542269335,0.7021643286483125,30.684179542802532
3.3227098670530033,0.7378293778643749,0,1,0.6645419734106006,0.378196349528219,71.67995715008709
3.6702305329949834,0.6414762892475405,0,0,0.7340461065989967,0.29129374720550527,34.305366451682914
1.2959084987508596,1.1695110258262424,0,1,0.2591816997501719,0.527772209068877,39.5346232420725
3.470160557433782,0.5780651877202654,0,0,0.6940321114867565,0.9859915721706594,37.30735879172217
5.657705076250233,0.4223245620949603,1,0,1.0,0.9617624783454688,90.0
2.7868233413805066,1.0128947608408996,1,0,0.5573646682761013,0.7461309782386423,53.73493179914625
3.364485723792452,0.8299481388356684,0,0,0.6728971447584904,0.322901068577901,25.460743442826285
3.1470067350518276,0.6974524078834246,0,1,0.6294013470103655,0.5114675400426174,76.5015998876018
4.536562036582353,0.36033681787384336,0,0,0.9073124073164707,0.5441801159419536,90.0
3.4890842848974972,0.642733685037305,0,0,0.6978168569794995,0.12613578629576516,26.28068688512856
5.629551445376423,0.39264299268671465,0,1,1.0,0.6379304895796655,93.29069366454202
4.730434282379731,0.4916177043817167,1,0,0.9460868564759461,0.17219426742575428,90.0
1.9902976432917074,0.9823819616493932,1,0,0.3980595286583415,0.0760999889807743,31.342130890579195
2.0065317884644704,1.008904306809612,0,0,0.4013063576928941,0.0057706612929679935,11.353156539705147
2.8612752113730737,0.7957285180808542,0,0,0.5722550422746148,0.7208932190520977,29.95004551823015
4.506590200572257,0.5434887603192904,0,0,0.9013180401144514,0.959916689642091,90.0
4.232010377799884,0.6196112051493098,0,0,0.8464020755599767,0.4763382934943662,37.17017299519531
5.630654217481645,0.26142777472416134,0,0,1.0,0.5830186474441363,90.0
5.499047592667997,0.26421794444182245,0,0,1.0,0.9107949305099489,90.0
5.156048773559716,0.43550389922289906,0,0,1.0,0.9273664094615535,90.0
2.7143629108708947,0.8821770665431937,0,0,0.5428725821741789,0.12258315650718299,24.313988809060714
5.6036381068036185,0.40212730738497904,0,0,1.0,0.10053035869183591,90.0
3.2292071371945843,0.7025935750752433,0,0,0.6458414274389168,0.7039359073278308,38.16251885647137
3.2088701971127964,0.7922510385012195,0,0,0.6417740394225593,0.3076550873563365,30.528422385733585
0.7328397088506684,1.232735346613198,0,0,0.1465679417701337,0.3272211831614539,12.853719420673517
1.832077406072282,1.1365828641953124,0,0,0.3664154812144564,0.5069301160771944,18.042080164030473
4.28064451977143,0.6502354319884158,0,0,0.856128903954286,0.28013411877537975,90.0
1.3030929807565952,1.1326953577056689,0,0,0.26061859615131905,0.3811005136118141,10.370694681741595
4.457086272223597,0.4193127327136292,0,0,0.8914172544447194,0.07978912363400037,90.0
2.798832489725899,0.8912740530057234,0,0,0.5597664979451797,0.732300770608181,31.27788348536379
3.8602058913645925,0.6216432007390758,0,0,0.7720411782729185,0.5488417555934738,40.11598994799278
3.4607950460545163,0.7881528081121305,1,0,0.6921590092109032,0.8014168109086272,56.605957343687535
5.688854589959069,0.22673958539584504,0,0,1.0,0.5051657115227325,90.0
4.614191066378738,0.45189022992280514,0,0,0.9228382132757476,0.35135593465492676,90.0
1.9567644179746428,1.1754704381128642,0,0,0.3913528835949286,0.09993187705440965,11.378131838340732
4.927597312790453,0.5319355545601605,0,0,0.9855194625580905,0.88467498495335,90.0
3.889233383838241,0.542107645214981,1,0,0.7778466767676482,0.20802456273324887,49.19778049053225
2.3574092609832347,1.0290417592653176,0,0,0.47148185219664696,0.7164762626421669,31.02121455294233
2.6257154757515253,0.9673217201153257,1,0,0.5251430951503051,0.46096959221253964,40.40028347154873
4.207007540884195,0.6708677601746331,0,0,0.841401508176839,0.998421233923774,45.0079677827645
4.6382134954570695,0.5095483289555913,1,0,0.927642699091414,0.3477378355593156,90.0
5.32031518982471,0.37206390591365157,0,0,1.0,0.6867677955971696,90.0
3.3604547576912114,0.7370977651388009,0,0,0.6720909515382423,0.5051640182933148,35.92699325745503
3.4223193597024664,0.7924908177686265,0,0,0.6844638719404933,0.19177345829367098,29.213748479659138
0.7753548990131189,1.3947196720216892,0,0,0.1550709798026238,0.29797979466226954,5.662908099999785
0.5652924066814762,1.429375069105425,0,0,0.11305848133629523,0.8765981188350187,10.245538810516829
5.5186677982670265,0.26381984674636,0,1,1.0,0.9986173191643847,96.78772801173652
1.7947398686283966,1.0434942366585307,0,0,0.3589479737256793,0.46056600756225574,25.209301373971925
3.1858420215238406,0.8402055579739672,0,0,0.6371684043047681,0.4071737385988753,21.342105351994213
1.7775035063477542,0.996526677623103,0,0,0.35550070126955086,0.670974709485785,23.15667792725324
4.646657264427832,0.4711985464545508,0,0,0.9293314528855664,0.26440429792964537,90.0
3.4019345126128933,0.8161552917320148,0,0,0.6803869025225786,0.4016531257643803,29.971204726808544
5.7199378175054925,0.18324533105265833,1,0,1.0,0.8286671435335939,90.0
5.025884375614261,0.44186752752229935,0,0,1.0,0.29634807688058074,90.0
4.490625361579715,0.44636964379683575,0,0,0.8981250723159431,0.379900522322704,90.0
3.117484801102604,0.7368028216803056,0,0,0.6234969602205208,0.626244822763033,35.94231849669208
1.3050518662393227,1.2400913581638082,0,0,0.2610103732478645,0.871271850950117,21.027318377681613
4.147313061699024,0.6907015265903623,0,0,0.8294626123398048,0.4870160405162395,31.89408260487658
4.972501810064537,0.4081753588581465,0,0,0.9945003620129074,0.6898960033133608,90.0
5.361987772791527,0.29154054223570597,0,0,1.0,0.2912233185782761,90.0
3.878010481914966,0.6486387319305257,0,0,0.7756020963829932,0.17917967462532258,20.723518065388262
4.058885914423806,0.5733261759586411,0,1,0.8117771828847612,0.21473512512156323,58.76899948076154
3.3416534291413087,0.7966812195771524,1,0,0.6683306858282617,0.463675805773178,56.957709904643735
0.9868727336810064,1.1603807494735252,0,0,0.19737454673620128,0.5323102633799106,18.045250305239556
0.9172940267322616,1.3721045153960363,0,0,0.1834588053464523,0.72032291647856,23.1440107483783
3.411896572977021,0.6195628815192542,0,1,0.6823793145954042,0.6717448404774834,70.14106602084567
0.9111024699997352,1.3777610727484035,0,1,0.18222049399994705,0.9490693936454213,40.22041282590947
0.9305096440143172,1.2804072627734826,1,0,0.18610192880286344,0.44085511270251587,35.482490878340826
3.988337000376484,0.5225638172944496,0,0,0.7976674000752968,0.4690603402211536,36.44114106071286
2.3377502653189537,0.9830557174036502,1,0,0.4675500530637907,0.946264493003082,48.48876729570997
4.533488331026515,0.6138592218567405,1,0,0.906697666205303,0.5047543235655417,90.0
4.334001260434172,0.6412252473853444,0,0,0.8668002520868343,0.5340277303847177,90.0
2.5853847518896886,1.0235462535065103,1,0,0.5170769503779378,0.8247231640769201,44.36606901118863
2.711860100141821,0.8921681353002099,0,0,0.5423720200283643,0.7428215015848658,28.02470910197269
0.779696828585569,1.2704743751651912,0,0,0.1559393657171138,0.13394121940000037,3.884812552229763
5.690838890643769,0.2069806759160906,0,0,1.0,0.7910040740654073,90.0
3.306171040629671,0.802922542974874,0,0,0.6612342081259343,0.37549862202072015,26.41811423531673
3.23766109983793,0.6906449524158222,0,0,0.647532219967586,0.7724978460963139,31.300871531722322
1.440196914621722,1.1931332310256582,0,0,0.2880393829243444,0.49350918266059995,16.003763004240334
1.6295250157949193,1.212725339042494,0,1,0.32590500315898385,0.104371458082829,37.20220409901558
5.9047853177522915,0.2346528136330908,1,0,1.0,0.19045699703004593,90.0
2.9318587596204644,0.8410419432633254,0,0,0.5863717519240929,0.3302941754681341,22.76896816584312
3.7744564738067155,0.5828292736604155,0,0,0.7548912947613431,0.6648077585802445,34.939063517140404
2.0739947893884905,1.0402007027391862,0,0,0.4147989578776981,0.5010473777944182,20.671626013790995
2.2691435926711083,0.9751286985215913,0,0,0.4538287185342217,0.5307506023881423,20.027436133908882
3.7440891694186558,0.6248255773654736,0,0,0.7488178338837311,0.22488678022553177,25.95876837490642
3.356968325151807,0.813249893590285,0,0,0.6713936650303614,0.8172592689875229,36.122452788361194
3.5813280508067886,0.6432672487344891,0,0,0.7162656101613577,0.7446036790033801,32.686928710789395
0.7613476646391071,1.3894601111167775,0,0,0.15226953292782142,0.6980743384786489,11.92434452350315
2.6337369276019063,0.8937153365712502,0,1,0.5267473855203813,0.06875095208867732,34.9826174671881
3.290667516147283,0.7840893824837669,0,0,0.6581335032294566,0.819868147527005,27.062172609582653
3.5466795362005064,0.5784962062338321,0,0,0.7093359072401013,0.8355707099645604,35.73321653769639
5.819672637445477,0.055442066134056445,1,0,1.0,0.5520181722956512,90.0
1.7701791552930943,1.1281319127648803,1,0,0.35403583105861886,0.21500476827002857,42.304177451395184
4.435995528067693,0.47825518193867234,0,0,0.8871991056135385,0.45090365309314817,90.0
2.438380023463629,0.8570916538890417,1,0,0.48767600469272576,0.22642960508764998,41.40208040871723
3.143927310663958,0.688346580512928,0,0,0.6287854621327915,0.7184601783231668,32.76019977493886
4.735489671897451,0.6020109794287495,0,0,0.9470979343794902,0.9661780248345367,90.0
5.01567570903037,0.3516877864741206,0,0,1.0,0.7481617990286962,90.0
3.0830984132339294,0.8780356134988256,0,0,0.6166196826467859,0.01835572437914179,25.09230636743603
2.2147770574276207,0.9222365985551205,0,0,0.44295541148552414,0.30679428311010126,23.6548831052094
0.698205576245531,1.3307594233225524,0,0,0.13964111524910622,0.7684677956641338,18.599782792687726
1.7190602303965754,1.0493411349589261,1,0,0.3438120460793151,0.575520216966124,37.420010693362826
5.588955529113304,0.31660524897009135,0,1,1.0,0.18042382208137042,90.0
4.71314244735613,0.3817579427378237,0,0,0.942628489471226,0.46484980370405216,90.0
3.4563770511167666,0.6158948152357984,0,0,0.6912754102233534,0.9378869760948835,43.55968494782285
3.4829742277077678,0.7153956149151107,0,0,0.6965948455415536,0.02001172362877479,25.280463813937107
1.8907023831940735,1.0564725728203423,0,0,0.37814047663881467,0.5731492479812457,21.881615782623328
5.59163431180418,0.18540955369574164,1,0,1.0,0.2000089211127476,90.0
1.2196329874185088,1.283017482383234,0,0,0.24392659748370177,0.625211533857515,25.45160847007172
5.925101943958907,0.11634782308980857,1,0,1.0,0.7773021481439183,90.0
5.764089028000282,0.29565767748073185,0,0,1.0,0.35300475097183626,90.0
4.000049881402749,0.684441108722889,0,0,0.8000099762805497,0.791640072183063,44.410952255824185
3.1163724300398092,0.9375194554116753,0,0,0.6232744860079619,0.895412711194219,36.07731918530271
1.3941188776491322,1.2589676772459677,1,0,0.27882377552982646,0.9915942356641667,40.986705803798934
2.1172184052199947,0.9832683427276366,0,0,0.42344368104399893,0.36765804605910835,21.72782678628543
3.7510245929458774,0.8522359490015763,1,0,0.7502049185891755,0.5739615175016297,55.09599999306431
5.246658285876566,0.27985336775859737,0,0,1.0,0.1549417853379359,90.0
5.169689823059102,0.4228842046130485,1,0,1.0,0.005025503365311934,90.0
2.8530290115103747,0.8283953663080856,0,0,0.5706058023020749,0.20986467727912117,19.777532110192137
3.7950462880651386,0.7787202044679375,0,0,0.7590092576130277,0.5657515642245824,31.762255594413812
2.5099831655930047,1.0054932652396071,1,0,0.501996633118601,0.29592634898028836,43.28699379873487
4.443763662889076,0.6004818880027619,0,0,0.8887527325778152,0.67981812521997,90.0
5.070073699520178,0.30330701304999563,0,1,1.0,0.39147973033401573,90.0
5.147227074999323,0.2876184201203008,1,0,1.0,0.21202785050222894,90.0
0.662480827363213,1.2197826113603738,1,0,0.1324961654726426,0.6140907379757017,31.849368471571367
3.4255088328471635,0.7369801805609736,1,0,0.6851017665694327,0.8934590541671159,53.88851459703478
5.027744975855747,0.37632042337441984,0,0,1.0,0.10860740234649258,90.0
3.1003633991587067,0.8806445352451131,0,1,0.6200726798317413,0.053898290393788795,63.99433898736261
0.5669890947909779,1.2741519328200561,0,0,0.11339781895819559,0.26979605789236416,11.887964835404643
3.3129002346587297,0.8183221923652593,0,0,0.662580046931746,0.2513076871421568,15.604555626610688
1.4141029524481001,1.290790554791853,0,0,0.28282059048962005,0.2340281753068746,10.237688876450546
3.7344743522008375,0.6300967737785457,0,0,0.7468948704401674,0.5654563660741082,45.47764506663347
4.435282750416208,0.5480165367082355,0,0,0.8870565500832417,0.9760796862214676,90.0
5.763454728787428,0.22492695239448873,0,0,1.0,0.8301772429995874,90.0
5.7283647610858965,0.12649807151663692,0,0,1.0,0.9098236408320604,90.0
5.287202547082103,0.18526486396786473,0,0,1.0,0.8158208510252952,90.0
2.9771076717145437,0.8184767555123943,1,0,0.5954215343429088,0.8576559882418273,45.666433304943354
5.436298593095947,0.2934560981563485,0,0,1.0,0.3329120962314033,90.0
1.4688465187657302,1.134905876571671,1,0,0.293769303753146,0.6438679275551263,49.564433976700094
4.696218831813586,0.5025128578592941,0,1,0.9392437663627172,0.33265659982089146,90.0
3.2676517921334867,0.7515864238848334,0,0,0.6535303584266974,0.02852002483864824,22.340159696921138
5.501172805233272,0.31380190422314386,0,0,1.0,0.984871566113602,90.0
5.328079319666979,0.35176146662674,0,0,1.0,0.29151692815119234,90.0
3.5949134883821157,0.6783730144072327,0,0,0.7189826976764231,0.619351305936299,32.447257649854095
1.776736520400859,1.181900633119904,0,0,0.3553473040801718,0.47712976739568325,19.235446467582726
2.961931299660387,0.8602982901247147,0,0,0.5923862599320774,0.037747316967433386,27.428383930568394
3.707573390356753,0.6403985925777683,0,0,0.7415146780713506,0.752154892257666,35.54943776663709
3.2696729298622533,0.8213942237557422,0,1,0.6539345859724507,0.27413616719193834,71.61532955506881
1.614613070947371,1.0916345410719008,1,0,0.3229226141894742,0.5569520916641753,39.30968387502823
4.106879539448459,0.5553031653613664,0,0,0.8213759078896918,0.41674906062405315,34.98629516927671
4.665125646391561,0.41673943470775193,0,0,0.9330251292783123,0.8470120353890835,90.0
5.053516341819853,0.4953286424333172,0,0,1.0,0.16814108589474708,90.0
5.846527962667711,0.22844169771002906,0,0,1.0,0.22260363654123771,90.0
1.936600942006521,0.9129151492470969,0,0,0.3873201884013042,0.03574839446586464,14.623702644698678
4.374329918126176,0.464573407906857,0,0,0.8748659836252353,0.6125928082758765,90.0
1.0181569998687159,1.3127398734156717,0,0,0.2036313999737432,0.8211261044851798,18.265680004358725
3.2116931684711263,0.8188887459411686,0,1,0.6423386336942253,0.23233554592401817,70.3492293692554
3.931700661187636,0.5903646644742682,0,0,0.7863401322375272,0.6490917405385481,37.06589104422104
3.6193969835236572,0.6650008931538185,0,1,0.7238793967047314,0.3975918693106466,71.520681317472
3.9370735838365096,0.6880854047933274,0,0,0.7874147167673019,0.39137809336374696,36.103039505056316
5.387812681316391,0.2505699084893868,0,0,1.0,0.4170552362327056,90.0
1.7601413765126948,1.1376879673317724,1,0,0.35202827530253894,0.6161108004157211,40.730123257487655
3.1087906380266004,0.8764854995533937,0,0,0.6217581276053201,0.34456190798787534,26.142260195703393
3.239828961381316,0.8876989225175952,0,0,0.6479657922762632,0.24241881388721087,15.048641737908302
1.5138224194350518,1.3210091579212442,0,0,0.3027644838870104,0.4705007190896823,13.241264900509236
2.633441909234514,1.0393995073944629,0,0,0.5266883818469028,0.8747019843267121,26.295529326664468
1.4380820790358515,1.2110276891346292,0,0,0.2876164158071703,0.8886426693629551,19.573661854918313
1.7479542198409455,1.1296009387893926,0,0,0.34959084396818907,0.23419442561681292,17.14549817331668
3.3669726460323615,0.7167562965155222,0,0,0.6733945292064722,0.20518283339516075,23.06453294191952
4.837035131045411,0.4538569019906446,0,0,0.9674070262090823,0.5703873253675308,90.0
5.484948161026054,0.3372176334863526,0,0,1.0,0.09124484130425536,90.0
4.234199833543684,0.7133002454207225,0,0,0.8468399667087368,0.26175286903702366,35.162769500817845
3.3192500889701297,0.8388098429267886,0,0,0.663850017794026,0.5806197604823538,30.3218873737579
4.751995778894116,0.5324907981869688,0,0,0.9503991557788233,0.21400711317387422,90.0
3.1153958689440633,0.7231747375640581,1,0,0.6230791737888126,0.7873258374573953,50.05444158149086
5.912907277157682,0.25199407390061485,0,0,1.0,0.5013964785953243,90.0
5.303612904040762,0.3531121274111428,0,0,1.0,0.942334494935037,90.0
5.026981409537842,0.39111297365616243,0,0,1.0,0.4513367251540973,90.0
2.613068017092876,0.9536826440311886,0,1,0.5226136034185752,0.4802367134710267,45.293427019319445
3.9305823502474766,0.5993413436691998,0,0,0.7861164700494954,0.37473102253575985,37.38612018788393
5.590411269057922,0.25630983805546054,0,0,1.0,0.1436916072617339,90.0
3.3730529518174057,0.7433365916095662,1,0,0.6746105903634811,0.3590707790431512,57.0969081103525
0.7501759780975104,1.3187594450210212,1,0,0.15003519561950207,0.7242049128083701,36.812431172186066
5.494191819846469,0.3136230669755771,0,1,1.0,0.2812600203804746,91.95490950703699
5.743897036168093,0.24436582984358274,0,0,1.0,0.22349431425584,90.0
4.380776843770706,0.5546339267211168,0,1,0.8761553687541411,0.028631193835652824,90.0
1.598505540611801,1.1087926571323874,0,0,0.3197011081223602,0.872465523258539,18.348567468657507
4.416348817750439,0.46224481212821333,0,0,0.8832697635500878,0.786367385961698,90.0
1.8753121718058425,0.9425039765759156,1,0,0.3750624343611685,0.5656448823847886,37.591954778013175
1.2813388519368423,1.2625126285292216,0,0,0.2562677703873685,0.9274228364827622,24.00326397793008
3.3654526375714644,0.9740411294649375,0,0,0.6730905275142929,0.821110527741516,34.17724549628034
2.895277650992926,0.7983838241217053,0,0,0.5790555301985851,0.8877535094139863,32.587855322196155
5.767149111449353,0.32412380922178474,0,0,1.0,0.606316947374532,90.0
2.5076391722135267,0.9489073481502042,0,1,0.5015278344427053,0.49350036407261666,48.63924313010392
1.4811903856071957,1.283066694071757,0,0,0.2962380771214391,0.7080237839979118,21.21537063550573
1.8981980598667851,1.0572981289845194,1,0,0.37963961197335705,0.8932361472099467,45.64731899403792
5.375070115434173,0.48530018972490796,0,0,1.0,0.7455030853527727,90.0
3.2793261833473415,0.7817050861007132,0,0,0.6558652366694683,0.27871371514114895,35.9679836238725
1.3736898056917568,1.159938522379065,0,0,0.27473796113835136,0.15397412974382907,9.080213866004225
4.8654458418186675,0.374943271377678,0,1,0.9730891683637335,0.8256714459794781,90.0
4.337883681843881,0.5333423875921884,0,0,0.8675767363687761,0.4482265821082245,90.0
3.8056423261877947,0.7507162147214097,1,0,0.761128465237559,0.8386571544924571,56.51712896331426
1.0696711135665826,1.244251702482376,0,0,0.21393422271331652,0.4719373657552943,15.559797467257411
5.49339830227058,0.18037155358709306,0,0,1.0,0.34442804621718826,90.0
4.315577142840807,0.5974160892421021,1,0,0.8631154285681614,0.7160934824899615,90.0
2.668420295226599,0.8911346998321549,1,0,0.5336840590453198,0.9524913004343245,61.007385092447265
5.092332522146521,0.24883252760774752,0,0,1.0,0.5239931674646672,90.0
3.2778179014872477,0.8152853539555861,1,0,0.6555635802974495,0.3688825215558892,48.57492410425098
2.8317589870479405,0.9706338893589,0,0,0.5663517974095881,0.8530135589879255,30.430379670491625
4.932604843784472,0.44714507557185346,0,0,0.9865209687568944,0.050018820902186345,90.0
3.1798725818999802,0.6975413479852084,0,0,0.635974516379996,0.2447895190294248,22.93810959889133
0.77196090173641,1.3438813852902702,0,0,0.154392180347282,0.009005664264475244,7.887202981323182
1.7950927935598244,1.129960791367094,0,0,0.35901855871196486,0.5901164223444708,17.399360566354538
2.13922934090803,1.1115332131744542,0,0,0.427845868181606,0.5128826025095737,20.14456044837005
4.4216730100630715,0.4785924740126645,0,0,0.8843346020126143,0.4424913136680374,90.0
4.05820689585518,0.7978710458436098,0,0,0.811641379171036,0.70593661771162,38.530877938816154
3.4380444049474055,0.8062465459997188,0,0,0.6876088809894811,0.7642456208523801,37.02938746074882
3.7040461037309673,0.6953859425588906,0,0,0.7408092207461935,0.09031856029907304,24.917882575087084
3.5945976581922006,0.6320328135659186,0,0,0.7189195316384401,0.7672783010536482,36.466889069243564
5.479552535443351,0.33859257839103396,1,0,1.0,0.15928303734945848,90.0
2.894641678704074,0.9786428314954868,0,0,0.5789283357408148,0.5098899482056102,20.431131793820345
1.0765245251742104,1.2288555324058923,1,0,0.21530490503484206,0.9582511722325032,45.14034217312722
1.0005649378538433,1.3429102138718385,0,1,0.20011298757076865,0.5902990717555996,37.70389472563127
3.965039244955878,0.5895309086439984,0,1,0.7930078489911756,0.9009634960387638,84.5131740194055
5.87065526910479,0.18139530925717998,1,0,1.0,0.5538360825022206,90.0
3.413762033912392,0.7068423567808286,1,0,0.6827524067824784,0.13952678055966927,45.10563494209736
4.772225492425401,0.34881511009738564,0,0,0.9544450984850801,0.700188259294053,90.0
3.512569502080253,0.6641929800402919,0,0,0.7025139004160506,0.20838367900882537,28.55830255200199
4.137171792577767,0.5748460961042131,0,0,0.8274343585155535,0.8711870463503177,45.227717441418804
4.6157534061737,0.4931730919766685,0,0,0.92315068123474,0.3482746153631915,90.0
2.6425204046483732,0.9811318294745798,1,0,0.5285040809296746,0.1727896518824632,41.17173749249487
2.4670230227390126,1.0234231255384845,1,1,0.49340460454780255,0.6536029525352265,61.04114795667017
5.109875607705977,0.2592040552634972,0,0,1.0,0.7424575642135566,90.0
1.70935644339042,1.0106685320911573,1,0,0.34187128867808403,0.7550939672981465,37.80664790878065
4.629462597559415,0.5210982375397448,1,0,0.9258925195118829,0.9451175073425461,90.0
1.6795202612828888,1.1659688166463584,1,0,0.33590405225657777,0.5691415704542683,41.02218951402356
2.6030052885419095,0.9184962039218367,0,0,0.5206010577083819,0.5648183139601971,29.52365755913857
3.0877779344577996,0.9902280853976001,0,0,0.6175555868915599,0.24529009364364296,19.994132868169384
4.375223176733426,0.4862984182486845,0,0,0.8750446353466852,0.7718054684782346,90.0
5.312689921848922,0.23508095145936114,0,0,1.0,0.9543459516233008,90.0
1.8604325449975854,1.0559822589990102,0,0,0.37208650899951706,0.07120671754123253,20.732835992074975
4.892780540116994,0.48874561979414183,0,1,0.9785561080233988,0.1930149854056986,90.0
5.355081419138942,0.46281570636038283,0,0,1.0,0.4430759329334488,90.0
1.4116195846365018,1.3310269500069385,0,0,0.28232391692730036,0.11618077501189095,16.617920875324913
3.552601883129101,0.7400010088305802,0,1,0.7105203766258202,0.037556069740189546,64.91010910408914
2.0682324634938976,1.107279047202715,0,0,0.4136464926987795,0.8878181149649986,23.30587905376065
4.315668561919914,0.4208321090505123,0,0,0.8631337123839827,0.6340007674159881,90.0
2.5028405050753304,0.9842673274040702,0,0,0.5005681010150661,0.2099318316734844,23.06501932956693
4.768835252580926,0.3275148104558124,0,0,0.9537670505161853,0.777161196205595,90.0
1.7594295191517144,0.9048795042242763,0,0,0.3518859038303429,0.8677473900817306,31.051928646616318
2.980918395036728,0.840817220604424,0,0,0.5961836790073456,0.6513361058002055,29.52275241416628
1.347416528601959,1.1166570134773655,0,0,0.2694833057203918,0.7098954333814536,22.08690592997895
0.7632607939835889,1.462571833120057,0,0,0.15265215879671779,0.630779733104932,11.87250987800964
3.7315897468238908,0.6580176798687467,0,0,0.7463179493647781,0.6983133239405601,27.819466487830645
2.8853331320882774,0.8167238317302393,0,0,0.5770666264176555,0.7489176404785196,28.907099108219867
4.867894898606853,0.49723705681224484,0,0,0.9735789797213705,0.08504362130607113,90.0
1.7099511979331188,1.2157329814945774,0,0,0.3419902395866238,0.130698253748313,11.435895970559965
1.4535523621662951,1.1003701674475932,0,0,0.29071047243325904,0.0969513926267147,4.687066983125882
2.431693608011684,0.9444950433012456,0,0,0.4863387216023368,0.5959268121167338,23.937145676263334
4.04401135270912,0.5723617430844353,1,0,0.808802270541824,0.5773417251963703,58.247451886094105
5.393544341306812,0.23706639694114862,0,0,1.0,0.055217626750405646,90.0
5.750506323480307,0.2661108869990962,0,0,1.0,0.9247474758643617,90.0
5.185102448504132,0.23498569785949572,0,0,1.0,0.2554282810460905,90.0
3.286801605534643,0.7829537890536108,1,0,0.6573603211069285,0.47524652658720046,52.01870479156394
5.200341595033541,0.44356080785333674,0,0,1.0,0.8553144643629383,90.0
3.7307834008596674,0.6793446801959764,0,0,0.7461566801719335,0.7935911972023235,35.32472427763976
2.043246187859029,1.1918024183940186,0,0,0.4086492375718058,0.6061095998529731,25.317092369689377
5.722455904125085,0.1806971927713179,0,0,1.0,0.9695265233240068,90.0
0.7127672704145535,1.3561383583522064,0,0,0.1425534540829107,0.6221669241736077,20.859407550097046
3.718711811650254,0.7198602796288374,0,0,0.7437423623300508,0.5437624559186557,33.173166834538804
1.0512753299695734,1.2542405581255482,0,0,0.2102550659939147,0.6002025470925807,18.855597412155834
3.3250896950173128,0.743092333704469,0,0,0.6650179390034625,0.07989368779136086,25.029583267373106
5.205172750827766,0.4566825977487221,0,0,1.0,0.21593820402013508,90.0
1.2031959984978255,1.2473894999507669,0,0,0.2406391996995651,0.6562398932483586,10.380045188250495
3.848170788212541,0.5941573243262764,0,0,0.7696341576425082,0.23000045254839985,20.40978630282259
0.5314651234808054,1.292424193164458,1,0,0.10629302469616109,0.07672737192820589,27.176365055450766
1.0851362297774254,1.4583545840195473,0,0,0.2170272459554851,0.5949160209188715,16.08406794167172
2.286532603617051,1.0406486809489102,0,0,0.45730652072341016,0.8729487304090019,27.237147842818082
5.249926505059744,0.24661376281309494,0,0,1.0,0.1920419935590041,90.0
5.4743393827443265,0.2995811708211091,0,0,1.0,0.3200109892470634,90.0
2.3672165328296852,0.9471917115016955,1,0,0.473443306565937,0.9996732052420922,52.21838990705985
1.4433748158295283,1.1248461325046792,0,0,0.2886749631659057,0.8587512591908919,25.8129626105005
2.7196371584728074,0.9420886741026282,1,0,0.5439274316945615,0.5236723999989852,54.05846347075097
3.1695480416250277,0.8662151535201943,0,0,0.6339096083250055,0.5769095353227514,29.655250432325584
4.1162182649171815,0.5589665175273921,1,0,0.8232436529834363,0.6683607021173941,53.88367831368405
4.57082166533675,0.550928889405963,0,0,0.9141643330673499,0.569335201776094,90.0
4.309373938838053,0.629525002642821,0,0,0.8618747877676107,0.2138388894952643,90.0
0.7078063243552732,1.435977160885795,0,0,0.14156126487105464,0.48026692566562745,17.253469546716083
5.2872595570706515,0.38651412436752064,0,0,1.0,0.5640849216886251,90.0
3.431668088185406,0.7661553407108903,0,0,0.6863336176370811,0.9486561577065649,34.06027970938339
4.028197029853583,0.642834196823945,0,0,0.8056394059707166,0.6757467603471771,41.44190964804376
5.781387788607907,0.2721160356119352,1,0,1.0,0.9312666274013378,90.0
2.6883322311255267,0.9141769037495717,0,1,0.5376664462251053,0.48447280903319256,46.71205308263698
3.0317984162780807,0.7417110831660503,0,0,0.6063596832556162,0.015482459137515336,22.32015467260797
2.001044381784042,1.1276340903519002,1,0,0.4002088763568084,0.25462686665289547,40.419724297585205
5.582813720251845,0.30306740951791694,0,1,1.0,0.7123940284729217,100.0
2.526059791716037,0.8317029633425562,0,0,0.5052119583432073,0.13338123663774282,12.858884769185991
4.100418226883803,0.685035910313359,1,0,0.8200836453767606,0.7176455863427427,52.732788881863826
4.652383032320397,0.4859170100181451,0,0,0.9304766064640795,0.9115968865602742,90.0
2.5254453442955227,0.9389447209164861,0,0,0.5050890688591045,0.27384251909925916,21.16503266754821
1.2222778737037459,1.145516544336444,0,0,0.24445557474074917,0.39202953480359126,8.274743882178697
5.477112343399984,0.15600148877473985,0,1,1.0,0.7945522944217055,100.0
0.7200722179431839,1.3128534702687333,0,0,0.14401444358863677,0.826269149862581,9.256317761790541
4.522398023518994,0.5318050445756737,0,0,0.9044796047037987,0.10407595641824696,90.0
4.841334152873038,0.28774128254216347,0,0,0.9682668305746075,0.2094862227195997,90.0
0.6671857814633937,1.5018173048217118,1,1,0.13343715629267874,0.5288052181567664,45.50750224423828
4.645919160726997,0.6059427852296575,0,0,0.9291838321453995,0.6342279988136148,90.0
0.5998688108389336,1.4301070669279274,0,0,0.11997376216778673,0.851282212216531,19.026219141247495
4.766100494293184,0.37250177031743836,0,0,0.9532200988586368,0.16222957109649694,90.0
2.204614500760415,1.0388934869327549,1,0,0.440922900152083,0.9419744321435902,52.102930246869036
1.6890371562876147,1.099268617945332,0,0,0.33780743125752294,0.8542676926575307,32.73763981784408
0.6226593769425397,1.2356162992903847,0,0,0.12453187538850793,0.3098397715276783,14.283899362772441
5.6867684585069105,0.290558849617197,0,0,1.0,0.324750608967202,90.0
5.091391709189672,0.3199641379013901,0,0,1.0,0.20874588239862923,90.0
3.172013073732195,0.8175262651452105,0,1,0.634402614746439,0.554512555690965,70.89940766510648
3.801202360840832,0.6668402006514011,0,0,0.7602404721681664,0.9054686921374157,40.71140324334521
4.875691373868796,0.5684374343689281,1,0,0.9751382747737593,0.6672448286332395,90.0
2.058687320138266,1.146512876134377,0,0,0.4117374640276532,0.6216295780432135,30.206123214719202
1.2052647101707576,1.2934711703588893,0,0,0.24105294203415153,0.9411403351458403,20.50064125167289
1.7493199886032045,1.235905526539507,0,1,0.3498639977206409,0.9154729875735151,39.71742924782477
4.771520409049426,0.36932301595129946,0,0,0.9543040818098852,0.04397164162145484,90.0
5.101265785220231,0.34404945216555405,0,0,1.0,0.4412878027999434,90.0
0.8609539743465721,1.4238631146053402,1,0,0.1721907948693144,0.42358582687907886,30.272881202263747
4.3644490847800865,0.6511888208780756,0,0,0.8728898169560173,0.6277327355622657,90.0
1.527104565285298,1.416008836527998,1,0,0.3054209130570596,0.2794424222358942,39.30377155155027
1.7703149151881736,1.1043575366417007,0,0,0.3540629830376347,0.7733040401143754,24.342889807432194
3.1090495198604042,0.7125414643239246,1,0,0.6218099039720808,0.7178678511312636,46.98717024364948
5.433711839378765,0.2814947529365492,1,0,1.0,0.37683556101616567,90.0
5.426893716298629,0.23019342159938727,0,0,1.0,0.4383327756143538,90.0
4.497041599943384,0.5354134024367946,0,1,0.8994083199886769,0.2644928733474785,90.0
1.3244186243048697,1.2191855028085747,0,0,0.26488372486097395,0.30003048059549664,10.356504302204108
2.0490915532645513,1.1459315611690157,0,0,0.40981831065291024,0.24531049798597993,19.61499772950289
5.811853415588322,0.16237182882393847,0,0,1.0,0.3179393297068228,90.0
3.5460700372730294,0.7179801597822733,0,0,0.7092140074546058,0.21405245622743418,26.93496510531087
2.8806810873761903,0.883991823372549,0,0,0.576136217475238,0.051131638106697186,15.400158506143637
5.748421428334204,0.27034124462430986,0,0,1.0,0.5088762514093347,90.0
3.05679011584889,0.8670293760502363,0,0,0.6113580231697779,0.9470875469755554,41.01561220665835
3.8159984628357706,0.543449623156976,0,1,0.7631996925671541,0.3137352588446539,73.14385795342906
2.934239628284523,0.7944128028132725,0,0,0.5868479256569046,0.17823309891158345,25.27068242812084
5.225502096761097,0.21957373791381893,0,0,1.0,0.8716168463288502,90.0
2.4972079076929976,0.9287725629142662,1,0,0.4994415815385995,0.004373982283009337,36.34428533717147
2.0062950083795403,1.162084689155355,0,0,0.40125900167590806,0.9220926535723316,29.5631897109358
4.631316023024205,0.5953466271149217,0,0,0.9262632046048409,0.37180299127453575,90.0
1.842520148709313,1.0496218128237886,1,0,0.3685040297418626,0.9217274205310659,53.141664059876355
5.631294017118937,0.32002841579671487,0,1,1.0,0.4501242726352388,93.6210961120907
4.593670445355514,0.3662813614555,0,0,0.9187340890711028,0.7554946570142149,90.0
3.8278931684942172,0.5680647570334428,0,0,0.7655786336988435,0.8175324159581207,42.949079990520026
5.944406892319311,0.181848705737875,0,0,1.0,0.6120793182038592,90.0
4.833255957720492,0.50353031140867,0,0,0.9666511915440983,0.545488148056962,90.0
1.310005946740797,1.29331835825206,0,0,0.2620011893481594,0.5902533652596944,17.51663422966156
1.5553219220629622,1.1736928598433047,0,0,0.31106438441259243,0.4167086638472298,27.88978838737882
0.9001930693179492,1.2873333301575418,0,1,0.18003861386358982,0.37570580538027054,28.447739277687667
4.6682196713965505,0.6219015179982167,0,1,0.9336439342793101,0.530088496914424,90.0
5.072282392068873,0.32164552175637007,0,0,1.0,0.4752929765655083,90.0
1.560410464665526,1.1704771278641306,0,0,0.3120820929331052,0.507784186951121,18.722527239667276
3.2271201710721327,0.734784879045465,0,0,0.6454240342144265,0.44391669804653977,33.123572103368005
3.1631718616788485,0.7814773908272497,1,0,0.6326343723357697,0.6218819638903935,51.27017105718584
0.6373399523877216,1.373394170607045,0,0,0.1274679904775443,0.30714995018995217,8.927916564481594
5.477984678635454,0.26573731265636813,0,0,1.0,0.33636871188370976,90.0
4.196464148333346,0.49425992385380424,1,0,0.8392928296666693,0.21548198278557462,55.28089465149088
5.992081366667877,0.32183294712622246,0,0,1.0,0.7261060683694185,90.0
2.229621497265808,1.038744313062093,0,0,0.4459242994531616,0.5767608474359243,28.911682212962628
1.4104441098162632,1.053935097365177,0,0,0.28208882196325263,0.48253840746667265,12.893964710297617
5.671738842815953,0.19782255423692094,0,0,1.0,0.5470281464244477,90.0
0.7933708965285093,1.2038752984955685,1,0,0.15867417930570188,0.8844965347938635,36.13234353260733
4.219285542722626,0.6162330805976772,1,0,0.8438571085445252,0.16039387500614521,43.81470168116162
2.367652276644933,0.9543942370727513,0,0,0.4735304553289866,0.3815743878255178,21.852416011947913
4.570197697412974,0.38119038193539995,0,0,0.9140395394825948,0.8545651689412405,90.0
4.2721997082082055,0.5696513292348021,0,0,0.854439941641641,0.8383378205933852,90.0
3.5552993811751574,0.695761319149303,1,1,0.7110598762350315,0.5063716735451453,88.6276283779012
3.7675755105148383,0.7378744083178985,0,0,0.7535151021029677,0.48127615051161676,35.67956431938164
2.9784288380949295,0.8710751926924991,1,0,0.595685767618986,0.9531775382631392,44.270771988584016
1.4915957183860233,1.2385112313233495,0,0,0.2983191436772047,0.5648127810861823,21.30598273485372
5.235117654182828,0.3375045276979578,1,0,1.0,0.2536968299958108,90.0
5.283727124076592,0.4435070553921173,0,0,1.0,0.4954591929029444,90.0
1.0512554115358634,1.2027931307683724,0,0,0.21025108230717268,0.28665924844725266,15.403499557608848
4.798196337922146,0.47728828832269937,1,0,0.9596392675844292,0.8110216892922268,90.0
1.0993439611715368,1.2936631942671044,0,0,0.21986879223430736,0.6637667361217,16.529874431528377
2.778103048675539,0.8645383085315066,1,0,0.5556206097351077,0.2943217442312359,51.83892730307671
5.300379787936936,0.3397266377082264,0,0,1.0,0.6562279904088066,90.0
2.617726808122264,0.8856379772927336,0,0,0.5235453616244528,0.1671000877656339,25.630509845132128
0.6836626267622157,1.4141256714501325,0,0,0.13673252535244312,0.9698207852410403,18.419222481685676
0.6375226206782567,1.3064810338426418,0,1,0.12750452413565133,0.1396423302095836,30.818026018386114
3.534786060491325,0.7021763938118222,0,0,0.706957212098265,0.07136701388938005,25.28992722401884
4.683069635359576,0.2986055687317941,0,1,0.9366139270719153,0.9107518127381472,95.65671298088456
4.436220640674173,0.4966232797899961,0,0,0.8872441281348346,0.6236259472972642,90.0
3.149349109067875,0.8207884266617074,1,0,0.629869821813575,0.7272924772395685,52.81542312010463
1.9825893128885272,1.0416902687022638,0,0,0.39651786257770544,0.814792001635896,23.100633523925385
2.4755637131404984,0.8960092555152682,0,0,0.4951127426280997,0.6086875278828008,27.019558302064812
5.72656227593767,0.3019346939723758,1,0,1.0,0.7951407225115223,90.0
4.799602223484009,0.5215371170127675,1,0,0.9599204446968018,0.02116381398203826,90.0
2.3518811789364342,0.9496694501707454,1,0,0.4703762357872868,0.21980071196192374,37.56889323501101
2.202631437310273,1.068681888112364,0,0,0.44052628746205463,0.2367980345961188,28.09800224617038
3.2639129468591057,0.7262952849316469,0,0,0.6527825893718211,0.6534889320582475,32.42186188783438
2.037769037877776,1.1691709934177212,1,0,0.4075538075755552,0.33485695099898116,40.81413650951645
3.053465311572668,0.7498974448136636,0,0,0.6106930623145337,0.6360403551318858,30.870146046075433
5.72222487456539,0.3257885093651314,0,0,1.0,0.40884366172506825,90.0
1.6338038815409024,1.082388355448772,0,0,0.32676077630818046,0.311405645044878,15.440641322961541
1.165947140328045,1.2418762608899288,0,0,0.233189428065609,0.41049311454134174,18.811734486823173
1.558914534909767,1.111967886283667,0,0,0.31178290698195343,0.20883702045198382,15.526193562050564
2.1872501324405778,0.8064719832062843,0,0,0.43745002648811554,0.6443961622818657,19.784035227181086
4.427298818605015,0.44503890418570263,0,0,0.8854597637210031,0.9849378689708634,90.0
4.977285595317863,0.4119656665745479,1,0,0.9954571190635726,0.2156090630821904,90.0
2.696145908141822,1.017322025312903,1,1,0.5392291816283644,0.5092452505028752,66.65226901301936
4.3185111053972465,0.5629045901923037,0,0,0.8637022210794493,0.6340505083067194,90.0
1.913422658195796,1.0564403445475663,0,1,0.3826845316391592,0.3060061052089432,36.293418071036236
1.2008143084766951,1.3264659274637007,0,0,0.240162861695339,0.561616159791455,17.406829583699363
4.43170785810225,0.5963274881606111,1,0,0.88634157162045,0.5789365594070033,90.0
2.8642100301116677,0.9577789190296093,0,1,0.5728420060223336,0.18289377232919923,44.74829559937138
3.086369421129869,0.7944866390557277,0,0,0.6172738842259738,0.3950763253881926,29.32431889485043
1.4742450013615138,1.0674559103998762,1,1,0.29484900027230276,0.11478627866061242,46.21040483825098
4.49282828630591,0.47271452930002145,0,0,0.898565657261182,0.22159343043944735,90.0
4.661425334494699,0.5148664814968725,0,0,0.9322850668989398,0.7899120017028454,90.0
4.998530443256656,0.32258461282179796,1,0,0.9997060886513311,0.0421504169629342,90.0
2.9973042743525204,0.889604335049462,1,0,0.599460854870504,0.10006467156653331,45.1991435175205
3.7377893588480884,0.6618243637162748,0,0,0.7475578717696176,0.5936525794468104,35.612246373987176
5.377039155702474,0.27133533737311566,1,0,1.0,0.8893047238282185,90.0
5.3441171739080415,0.35475468940006555,0,0,1.0,0.35679625565493456,90.0
4.857193682354435,0.4550513200420853,0,0,0.971438736470887,0.9384620531246688,90.0
4.841152470094825,0.43859680297816744,0,1,0.9682304940189651,0.39804317410409573,90.0
2.325484566936232,1.078163981052467,1,0,0.4650969133872464,0.42667398061580475,44.39370454888774
3.992028294216353,0.6193012868442074,0,0,0.7984056588432706,0.0001577445780567288,32.59933830403083
4.450308972397064,0.4974648369015469,0,0,0.8900617944794128,0.39795727729576924,90.0
4.21070695612739,0.40427073461236496,0,0,0.8421413912254779,0.8957191747480014,42.86977872284285
4.305002223687779,0.6878316190821203,0,0,0.8610004447375559,0.47787730565305764,90.0
2.864355169686664,0.766883417526473,1,1,0.5728710339373329,0.9891841643660959,76.67982008752978
5.3073110972643835,0.35941763187639464,0,0,1.0,0.9794205136775996,90.0
2.128135033363357,1.0295238325311755,0,0,0.4256270066726714,0.5655643255679543,21.775957032011096
0.926171885977703,1.2668078476333087,0,0,0.1852343771955406,0.41607023555328004,8.28913041750108
1.013875267633746,1.205487481319104,0,0,0.20277505352674918,0.8595277052474898,19.85331713682661
5.585368927831346,0.2307121508746059,0,0,1.0,0.7218531605331123,90.0
5.963550334880962,0.25865782276313165,1,0,1.0,0.9540158041191871,90.0
3.3105261994952278,0.7345264809225421,0,0,0.6621052398990456,0.45301475038018846,33.35922592500613
5.327670882060032,0.30646258922536523,0,0,1.0,0.3207644140217002,90.0
2.6293546672969073,0.8363847300667108,1,0,0.5258709334593814,0.9170217118805565,53.68767975264683
3.0732845249866236,0.7684522358589354,0,0,0.6146569049973247,0.10715669692692342,21.379773291201342
2.6545026999714803,0.7891644423369983,0,0,0.5309005399942961,0.9467911722816206,35.307452771978646
1.052422298240813,1.298777797411248,0,0,0.2104844596481626,0.08003256976593665,7.90166059629499
1.8328139629955644,1.1096702048494702,1,0,0.3665627925991129,0.8698123658139231,52.025434471705005
2.969254906130306,0.9069917871473544,1,0,0.5938509812260613,0.6242904007832697,48.815880376629174
0.8997527357439817,1.2735906719019336,0,0,0.17995054714879635,0.5769221385996435,16.424511821829775
5.202043272078741,0.35126365011716815,0,0,1.0,0.5651732562239374,90.0
2.9634023966445473,0.8500264938490523,0,0,0.5926804793289094,0.5438936964926411,21.04953058437614
5.322662757847616,0.2033810072864056,1,0,1.0,0.20684103814356125,90.0
3.9292929547592217,0.7157370917624523,0,0,0.7858585909518443,0.09553620763623716,27.281836066656815
2.678133904662904,0.8709226981202272,0,0,0.5356267809325808,0.7569947594896556,27.0500959916567
4.6223963484435036,0.5932766051781552,0,0,0.9244792696887008,0.5644418416538133,90.0
5.7376576153060865,0.2670535448075259,0,1,1.0,0.4283427944349605,100.0
2.3226677641845055,0.9566390824238737,0,0,0.4645335528369011,0.9578193238132591,22.717511488672606
2.7237183717086735,0.8843585506999804,0,0,0.5447436743417347,0.7642204838423086,31.52149843117856
3.695026440354531,0.6459227584739061,0,0,0.7390052880709062,0.28891431580381177,30.775627785574603
3.9509145422518306,0.7906248907067677,0,0,0.7901829084503661,0.24450749734442523,36.04013726629699
1.253828259451197,1.2521979026665049,0,0,0.25076565189023936,0.8730356015261367,26.073929982548183
4.585019750698256,0.41072514510205715,0,1,0.9170039501396513,0.7972395750228002,90.94842348699763
2.1597857272495204,1.0609835119963598,0,0,0.4319571454499041,0.18595344539102665,20.33309745964519
1.1107884440796014,1.1789847896876646,1,1,0.2221576888159203,0.07661981392964867,52.59658908375039
3.1016931879603513,0.8644332061994493,0,0,0.6203386375920703,0.4538532556850523,30.966131155449084
3.7723259653780863,0.6553927703066936,1,0,0.7544651930756172,0.46351148035855094,54.706993166620826
3.873647354349827,0.5726308229554582,0,0,0.7747294708699654,0.34767174146891133,28.544931013343447
4.695705128430044,0.39893413552798085,1,0,0.9391410256860088,0.9608555767847797,90.0
4.186020070761641,0.570653935186095,0,0,0.8372040141523283,0.014910264154807895,24.30856676354795
1.2117165032921235,1.1979164909004263,0,0,0.24234330065842472,0.6733915791158308,12.325073263286452
3.7787593393309415,0.6539664989215832,0,0,0.7557518678661883,0.6281826045103551,33.00655736012202
3.5098058533360597,0.6724399215176666,0,0,0.701961170667212,0.7532134387388773,31.098676377787843
3.543700147583782,0.6110670618807386,1,0,0.7087400295167564,0.987982644420261,54.04797443835476
4.1540647596835925,0.5731686075751613,0,0,0.8308129519367184,0.10577890689406699,30.918750964638114
2.028571059231475,1.063661853759566,0,0,0.405714211846295,0.7141215274023056,28.795367973708316
4.365679528678179,0.5569607517006288,0,0,0.8731359057356357,0.2333954517284067,90.0
5.676924852977063,0.11571963477004013,0,0,1.0,0.16161606073029744,90.0
2.110595923531432,0.9422279429155885,0,0,0.42211918470628645,0.7626861704546085,30.759835205186548
0.8759344316781144,1.1612299656793756,0,0,0.17518688633562288,0.5090021835367382,17.775657917500315
5.953787765414918,0.15415429802129965,0,0,1.0,0.3283520738107182,90.0
0.9139973255198213,1.4186611312648774,0,0,0.18279946510396425,0.08235299033675814,7.323244089104976
3.5266253775072127,0.7829223046076939,1,0,0.7053250755014425,0.21212539872193992,42.0193427332954
3.102019959546561,0.7939005915031536,1,0,0.6204039919093123,0.05297290604610083,45.34125274949856
5.205814448797154,0.34178642708746637,1,0,1.0,0.7785530255185421,90.0
4.768766720303372,0.5646069921960462,0,0,0.9537533440606744,0.5611101087684007,90.0
3.434297223739824,0.8605910812393847,0,0,0.6868594447479648,0.3714169119932321,27.65014060503492
0.7166458958932767,1.4451973510741243,0,1,0.14332917917865534,0.07767241327283858,19.824922332300197
5.615036959082414,0.18448821841070714,0,0,1.0,0.6014711008812074,90.0
4.194036068002198,0.555891174155869,1,0,0.8388072136004396,0.4178561865221314,45.88503298588229
2.10502753165682,1.0976889015922857,0,0,0.421005506331364,0.011432676672204045,17.959082969872462
2.85097793283367,0.885875555870096,0,0,0.5701955865667341,0.8912294410314674,33.20512251831506
3.2008737230946815,0.7293032903879473,0,1,0.6401747446189363,0.5895053841754254,72.06431822967377
2.394760203283539,1.0329240538397495,0,0,0.4789520406567078,0.9586906539117553,32.05877475175983
1.4481787881414896,1.2433731974800784,0,0,0.2896357576282979,0.31387937348376493,20.791026292560407
4.263153188236037,0.5305748106398401,0,0,0.8526306376472075,0.9700573600380694,90.0
2.8743663826103045,0.7620019453441113,0,0,0.5748732765220609,0.1126071490393118,23.3528830143606
5.516354490820141,0.3227622177864192,1,0,1.0,0.956563928561169,90.0
2.384293241699657,1.0923375366132033,0,0,0.4768586483399314,0.32357760403951186,21.553580070440354
2.376611398156844,0.9435240304766259,1,0,0.4753222796313688,0.7899482697670385,56.73370844563092
0.8532938643158148,1.3568431865362003,1,0,0.17065877286316294,0.32719160582891293,26.51481470149976
3.4541641155770697,0.7876367228896248,0,0,0.6908328231154139,0.4638297318166321,28.93263322291383
4.761552716600417,0.5467824195910493,0,0,0.9523105433200835,0.152652980000607,90.0
5.068208288129482,0.2777092630944096,1,0,1.0,0.3966087993343448,90.0
2.5350194731626727,0.9807216658942158,0,0,0.5070038946325346,0.7146874494349541,27.461299534234133
3.4001452322083665,0.7282903054571785,0,0,0.6800290464416733,0.48956090622760573,33.6815659516016
3.0085796973446692,0.8904343845226912,0,1,0.6017159394689339,0.2608084271927763,61.96056270759257
4.2550911179487265,0.5777073389005885,1,0,0.8510182235897453,0.36011771548900384,90.0
3.800681669667231,0.673847407936544,0,0,0.7601363339334462,0.5280584218921246,29.68905548453537
2.761750494474133,0.8709451876989732,1,0,0.5523500988948266,0.10112518818165828,42.27564974845021
1.117163465860001,1.3683847497267247,0,1,0.22343269317200018,0.43442013811832947,35.822050676523894
1.3274670292526896,1.3658691398398148,1,0,0.26549340585053793,0.5936068260491675,36.69549467497075
1.9703959168736935,0.9394025047033834,1,0,0.3940791833747387,0.3316902516733856,40.36488006074247
1.4982369554896264,1.2235121060567289,0,1,0.29964739109792526,0.23196845215778583,31.927855404786975
1.1662621561689581,1.2437027121763187,1,0,0.23325243123379164,0.30839459196514607,31.909025516494296
5.322722206643944,0.2831586404413545,0,0,1.0,0.468579804375139,90.0
2.8367735988740606,0.8088196099546499,0,1,0.5673547197748121,0.7777915804196904,49.36376652838189
2.127653322193477,0.9699044575613485,0,0,0.42553066443869536,0.6054003719533442,21.172073353700192
4.380264633647255,0.442894824428976,0,0,0.876052926729451,0.34944764078362833,90.0
1.6694275429062218,1.0195095309810385,0,0,0.33388550858124433,0.8531113891570363,21.361509500008005
1.7086266509178372,1.1306001770500957,0,0,0.34172533018356743,0.06413525223738326,12.330329313846828
1.7444827161713934,1.1635512205848524,0,0,0.34889654323427866,0.13423841909374357,16.502451926900758
0.9079494665670731,1.4247394723574107,1,0,0.18158989331341463,0.016539449289876607,27.59065980966539
1.5274434400477417,1.0677637473029933,1,0,0.3054886880095483,0.9565489087292065,51.03744404733976
1.607955649051866,1.113969922573051,1,0,0.3215911298103732,0.5163398188383266,42.28895484165373
4.860644936104171,0.33613984135827313,1,0,0.9721289872208342,0.6040721005990636,90.0
0.7999681337133289,1.3584345976367522,0,0,0.15999362674266576,0.5916688205935039,18.4505204080744
0.5696180566628921,1.3336292770602545,0,0,0.11392361133257842,0.31340556147455634,6.616548280780652
1.3218754617811048,1.3538745957778695,0,0,0.264375092356221,0.089249751636584,14.177471869034024
0.932760113180438,1.3449841410269985,0,0,0.1865520226360876,0.10088880210585893,7.626974777935596
3.8306365064166163,0.7450376749620904,1,0,0.7661273012833233,0.13445704076706444,54.354537510242324
2.0917282188742696,1.1278418062592799,0,0,0.41834564377485395,0.6373908503732993,30.52242811014141
5.347286892057234,0.4358671762832958,0,0,1.0,0.9021941183826757,90.0
2.6215278034490828,0.9811817027667512,0,0,0.5243055606898166,0.13018934920080238,23.899147701632053
5.820255447268251,0.21482807891946842,0,0,1.0,0.3448891741731833,90.0
0.691982224902101,1.1683861778220155,0,0,0.1383964449804202,0.915076765278806,21.900046178991868
4.661266637077715,0.4332816349606402,0,0,0.9322533274155431,0.765063431365564,90.0
5.713543934139734,0.29328673814860223,0,0,1.0,0.4257616149303052,90.0
0.9142678769207266,1.4386040580055963,0,0,0.18285357538414532,0.4758925108294907,5.299136524047091
3.0891812191723624,0.9143927578856116,0,0,0.6178362438344724,0.8955201203808261,33.42157686630257
5.264284925724073,0.3163787724310655,0,0,1.0,0.27870734562070865,90.0
5.501481796987324,0.23779720378739516,0,0,1.0,0.6304217481689232,90.0
4.544777140288517,0.4495515558317156,0,0,0.9089554280577034,0.9146651074237494,90.0
3.663119118166488,0.6884065941233404,0,0,0.7326238236332976,0.5379230312678858,40.58974646790177
4.453339691510141,0.5764202871059037,1,0,0.8906679383020283,0.7464192328441049,90.0
2.7221647268065294,0.9901288882685502,1,0,0.5444329453613059,0.41104078057461146,48.22726064045031
1.4109103267559422,1.241136435221223,1,0,0.28218206535118845,0.17984444683554124,28.631046691816593
2.068047246606467,0.900967649043523,0,0,0.41360944932129345,0.007844921240623193,13.047467753997385
3.465767900350657,0.6842011774454116,0,0,0.6931535800701314,0.65502469640509,37.436568146034496
2.9521729880929475,0.9306341754379568,0,0,0.5904345976185895,0.10301919444220609,20.38107055742656
0.8949414999500805,1.3170144061675642,0,0,0.17898829999001611,0.7531997019142294,14.159526633613092
2.1189149158345795,1.0963766535815376,0,0,0.42378298316691587,0.7477766382721007,29.403219895160607
2.6859965911686476,0.9177217197380174,1,0,0.5371993182337296,0.1729224976272612,35.51393082777224
4.25516308603436,0.7148018458130452,0,0,0.851032617206872,0.8139839745733086,90.0
4.471855686241453,0.43193861709326953,1,1,0.8943711372482905,0.13696512380929482,94.74565249121707
3.185326211883868,0.868433952543546,0,0,0.6370652423767736,0.8770272712616372,32.17474559750895
1.4953518518790125,1.1546626198850305,0,0,0.29907037037580253,0.1676142561466294,18.633920179368697
4.140398050854952,0.5065345582202405,0,0,0.8280796101709903,0.7437673473735441,40.690272142600364
4.415351468761091,0.5359618669515426,0,1,0.8830702937522181,0.9071174191801324,90.0
4.3402814439722155,0.5660869350693345,0,0,0.8680562887944431,0.3272000220389292,90.0
3.9567248654898415,0.586369671425715,0,0,0.7913449730979683,0.5886436697160616,33.60056792526437
5.5774681565098145,0.33692530839200696,0,0,1.0,0.1865638596346597,90.0
5.420907504847761,0.279767115008386,0,0,1.0,0.371895999541176,90.0
0.6555671056003884,1.3393581962698375,0,0,0.13111342112007768,0.8370077958031172,16.23246848734198
2.5532347350126754,0.9148065611866985,0,0,0.5106469470025351,0.6205591954189986,28.715240691202204
2.8092827497866875,0.991994569260373,0,0,0.5618565499573375,0.9352503143943329,36.07556993753655
2.1448537028486374,1.1369950938116309,0,0,0.4289707405697275,0.3761473100104902,17.13492087006594
3.0731090721859324,0.7244813363662493,1,0,0.6146218144371864,0.48135583210785227,47.48640358950512
4.240335655687601,0.5893761949116161,0,0,0.8480671311375202,0.9840181501963605,37.93905373326063
3.001986315853184,0.7295422520338044,0,0,0.6003972631706368,0.9554141647460965,31.60914884361591
2.7750461516496903,1.0524396203807334,0,0,0.5550092303299381,0.05804633701850381,19.408877312511823
4.329449114152933,0.504924476160883,0,0,0.8658898228305866,0.5966629069324815,90.0
2.080445139580982,0.9113238367382588,0,0,0.4160890279161964,0.1011510579184286,19.075666570566415
4.8573788509021005,0.4248587189456761,0,0,0.9714757701804201,0.551031352680157,90.0
1.2956019610383727,1.2666857114674261,0,0,0.2591203922076745,0.023502422818324042,10.085533520792726
2.5652348272689154,0.9113731870298792,0,0,0.513046965453783,0.41752280610753034,21.016921224687806
2.153251175295051,1.076361513337582,0,0,0.4306502350590102,0.27072275819598335,20.069863564227823
5.197004529230029,0.24323770811908102,0,0,1.0,0.27849200335738666,90.0
5.687397203193421,0.125454366904298,0,0,1.0,0.5275145198885448,90.0
2.338184113539179,1.033831498641233,0,0,0.4676368227078358,0.21748435386297804,17.28390579540727
2.3383550578642223,0.987571013991952,0,0,0.46767101157284446,0.7789885058996087,30.352682296625282
2.370599150765778,1.0046033440588653,0,0,0.4741198301531556,0.8819875907661296,24.880842270826687
2.541457663790122,1.1008597805228149,0,0,0.5082915327580244,0.2052575297362701,16.651545811593238
4.653286775638778,0.49538996859477996,0,0,0.9306573551277555,0.08395166149978384,90.0
2.367606650599408,0.9984509263462419,0,0,0.4735213301198816,0.5176480890176051,23.935098873236022
1.4205214189965822,1.1832351967203953,0,0,0.28410428379931646,0.8739980116130832,23.867278800730652
5.380100509775312,0.4327578506790783,1,0,1.0,0.8901054734427041,90.0
3.540110961781869,0.5257239639895303,0,0,0.7080221923563739,0.5064611187670799,32.36224439881183
5.289898135146667,0.30738302317407945,1,0,1.0,0.3583676323323983,90.0
2.92295156467858,1.0388898678676213,1,0,0.5845903129357161,0.8174809350901403,54.06357691550495
3.4354636374364436,0.8439068970341602,0,0,0.6870927274872887,0.05661497313472341,19.799386563535432
1.4343558133845369,1.1045496658275773,0,0,0.2868711626769074,0.7556817770495199,17.43021898122518
1.9593836114381324,1.0916864625126985,0,0,0.3918767222876265,0.08536877932656528,7.253127646606901
2.9441029926558566,0.8801579993368422,0,0,0.5888205985311713,0.7066943803425146,35.41096977495655
5.8529340885014465,0.18810535480834464,1,0,1.0,0.02762975580841509,90.0
5.031122833441566,0.35947054897385583,0,0,1.0,0.23762121756042043,90.0
3.2679874645532143,0.7556163144367293,0,0,0.6535974929106428,0.7278558680501468,34.39990579592578
1.5105640921333534,1.0950790105386783,1,0,0.3021128184266707,0.9081320565606308,44.29844018295103
5.696816030507994,0.24555893908067677,0,1,1.0,0.5184075447345758,96.86785858425755
0.9121920698417325,1.2785011445261034,1,0,0.1824384139683465,0.8676188661891324,35.91750645681708
2.515511554869888,0.9677054026835173,0,0,0.5031023109739776,0.1810503604721475,15.188920743736873
5.77453897720439,0.3097479219159567,0,0,1.0,0.977182906594996,90.0
3.7016675395090983,0.7288638651298915,0,0,0.7403335079018196,0.20085121605111633,36.66954946790869
1.523046375207974,1.0968470357174802,0,0,0.3046092750415948,0.09886633845601467,7.8645494977155685
0.7329906257403012,1.372874527184532,0,0,0.14659812514806023,0.8276794072035405,25.497351747283556
2.8523110001391254,0.9070793371060151,1,0,0.5704622000278251,0.644716837814743,50.17499225457348
1.4738900705376687,1.203338891883522,0,1,0.29477801410753374,0.4073349205032607,36.60074212804599
5.993646549515471,0.13863555191160046,0,0,1.0,0.03248132203589471,90.0
5.014693175820648,0.4662258415994233,0,0,1.0,0.9739355741044274,90.0
2.4890493026526075,1.0816485089276329,0,1,0.4978098605305215,0.6744410713668685,53.4963252535159
2.720531522577116,0.8816716945784497,0,1,0.5441063045154232,0.6253976298804127,49.55018164198702
4.993326477611819,0.48055925669654087,1,0,0.9986652955223638,0.16966108125671886,90.0
3.1619491268289694,0.7243056352189374,0,0,0.6323898253657939,0.9688593354677885,39.62872406311434
4.322321033332157,0.4483396706696484,0,0,0.8644642066664314,0.10630582131295141,90.0
5.487083049149046,0.28042018485890907,0,0,1.0,0.30142491179855846,90.0
1.6047890463041172,1.2061880220770937,0,0,0.32095780926082346,0.909040941314236,28.690709429671788
5.83242897844261,0.17605869860510767,0,0,1.0,0.4364483988231128,90.0
3.699851956277406,0.5214816685452448,0,1,0.7399703912554811,0.20601740429137605,70.06326686130083
4.10157247116702,0.5220644745595953,0,0,0.820314494233404,0.5648491709995744,37.67957659318633
4.368375249854129,0.5875337642116313,0,0,0.8736750499708258,0.41195967989579885,90.0
4.095897301334892,0.5351841442264548,0,0,0.8191794602669784,0.7267405652293196,33.68008701552558
5.693827296615604,0.3684172812387042,0,0,1.0,0.045229630920214925,90.0
0.5103000915554272,1.2882527260718788,0,0,0.10206001831108544,0.1244988982679478,2.566171959584636
5.531831093395537,0.2924739233521195,0,0,1.0,0.09905643421598798,90.0
2.2533909896280315,0.9938868134279094,0,0,0.4506781979256063,0.6928083938491005,23.936373521084704
3.4266592311258854,0.5859635648930611,1,0,0.6853318462251771,0.7342183395288688,50.32529999105299
4.666152786070654,0.3381102412568565,0,0,0.9332305572141308,0.04593003222908998,90.0
1.1138175969854047,1.2564225355239167,1,0,0.22276351939708094,0.9351620107467781,36.34724488621719
5.751993499142519,0.18429496342148177,0,0,1.0,0.8499757671095955,90.0
5.977950780203578,0.05,0,0,1.0,0.5091136924888792,90.0
3.5553526668642768,0.7193016180056315,1,0,0.7110705333728553,0.8403362382210832,62.743264955164776
1.315659541442609,1.244685356086002,0,0,0.26313190828852184,0.9265006190442213,26.569361138457527
0.6771844824770508,1.1968208196523213,0,0,0.13543689649541016,0.36037812155656956,8.597358977288602
2.8479614802756044,0.8620548155323619,0,0,0.5695922960551209,0.7160919178315135,34.37222053997784
1.1018672265978862,1.3569841930705204,0,0,0.22037344531957723,0.9324958745137396,20.673728591393747
1.8031032383115027,1.1877086805756092,0,0,0.3606206476623005,0.16977693975812214,18.944545357148687
3.694186005737392,0.8281455859327924,0,0,0.7388372011474784,0.2934785773590144,29.75917834882662
1.663086760273606,1.0985060797671469,0,0,0.3326173520547212,0.1864138471663268,13.408257964270422
4.60723744540686,0.5808878044908063,0,0,0.9214474890813721,0.9586977413653984,90.0
0.6179192664271229,1.3498692374948402,0,0,0.12358385328542458,0.6013083638147041,14.118921806163378
4.4170339008872075,0.5617360874123323,0,0,0.8834067801774415,0.8540155304554593,90.0
4.743524644082994,0.4700689906174298,0,0,0.9487049288165987,0.9568884426329662,90.0
5.334841025037376,0.19789859856865116,0,0,1.0,0.11424845325805633,90.0
3.5210125447053673,0.6565912025017876,0,0,0.7042025089410735,0.2134478813260423,33.04715994348903
3.4503625024409676,0.7715066756869781,0,0,0.6900725004881936,0.9272656326314092,42.49079475262165
5.625464764313318,0.10732646695009262,0,0,1.0,0.6363443153180893,90.0
3.2505078468022828,0.7801061048721112,0,0,0.6501015693604566,0.5663907206310974,30.935694855943844
4.24844250114659,0.6316228961333517,0,0,0.849688500229318,0.05057556607901037,23.027475253456256
3.2131511893142752,0.7111666335006295,1,0,0.642630237862855,0.3112452525785969,42.35206364518152
3.3044091665197945,0.7536058003806891,0,0,0.6608818333039589,0.31001635582184894,32.01218409217525
2.6601260094629047,0.9981158074398885,0,0,0.532025201892581,0.6794085575951299,27.016171166406583
3.609939247609385,0.8228032976398096,0,0,0.721987849521877,0.5017029841763491,23.46616543512564
5.456540170750309,0.3480533121577608,0,0,1.0,0.7246313368993936,90.0
0.695535326519803,1.263832499691165,0,0,0.1391070653039606,0.37233781838538105,6.980691634219493
2.250521003657142,0.9175031260729339,1,0,0.4501042007314284,0.47648320785527043,44.47726756354193
5.190014809032012,0.2957315742463245,0,0,1.0,0.9699255735659434,90.0
3.9894922686558165,0.606143598467383,0,0,0.7978984537311633,0.43136545638800194,34.909825892426035
2.9528089872242314,0.9214139283253663,0,0,0.5905617974448463,0.17379885713523968,16.944949116728402
0.8510431909034248,1.2217108223164521,1,0,0.17020863818068496,0.17661369257412285,25.733712682912767
3.517957830706772,0.6766946796209806,0,1,0.7035915661413543,0.6588347003588382,74.40534903160774
2.5097337199585628,0.810055562201612,0,0,0.5019467439917126,0.8828117988673707,29.937636292917176
1.5127151269465169,1.1026610359115647,1,0,0.3025430253893034,0.7546825208681412,41.5993126043202
5.634100355711568,0.30541347861225127,0,0,1.0,0.7969115657426298,90.0
2.4057228474725374,0.9114660044613919,0,0,0.48114456949450746,0.9350766159804688,34.28978239363565
2.1005184987015486,0.8448100766629812,1,0,0.4201036997403097,0.778545821422689,48.21387901821059
5.20478885047149,0.19435758471554782,0,1,1.0,0.7549317330722383,93.5134555542319
1.749195010755261,1.0946630841035563,0,0,0.3498390021510522,0.1883947674004922,18.613192001821627
4.814805746226543,0.5121195256549594,0,0,0.9629611492453085,0.8328430928668374,90.0
0.605774369012181,1.3278943292889922,0,0,0.1211548738024362,0.5811223999290556,8.519354402662124
3.4144454669275417,0.7119894435561829,0,0,0.6828890933855083,0.5959415957307044,35.22653158398755
1.877994333492261,1.0584019135985665,0,0,0.3755988666984522,0.6859292207082196,15.216570545621453
2.85933489394629,0.9037807143118884,0,0,0.571866978789258,0.09372486605971642,24.49758790034277
4.7951324888477185,0.446317173558266,0,0,0.9590264977695437,0.43759774375379357,90.0
5.20852432730011,0.31228141362464884,0,0,1.0,0.3758839547956738,90.0
5.602527538806521,0.24795353700513093,0,0,1.0,0.656413134229673,90.0
1.4031932702504026,1.1985441944234312,0,0,0.28063865405008054,0.5926586478854466,21.722786747951467
3.2222367353774537,0.661973811419773,1,0,0.6444473470754908,0.2698334532910943,56.31889789931621
2.762404368848252,0.8499992970917545,1,0,0.5524808737696504,0.8613627189565668,50.79452342679644
5.071241209720328,0.4150763511828723,0,1,1.0,0.4042627150651531,90.0
2.6652190113896177,0.8837899088546558,0,0,0.5330438022779236,0.7999470485848819,23.168878329604393
5.088405269718446,0.3564993174830648,1,0,1.0,0.8891449619957854,90.0
1.7055139010878242,1.1896450751397998,0,0,0.34110278021756485,0.10157214364466127,20.47579797153657
2.408654139290998,1.0785490410271745,0,0,0.48173082785819965,0.39963848249393574,23.521518531242446
1.5390262103853247,1.1371799724507785,0,0,0.30780524207706494,0.35641785515778757,16.88654103464064
3.8059223945351595,0.493344865845757,0,0,0.7611844789070319,0.4558825884241029,38.46335098258148
5.742901706464588,0.23069859425750464,0,1,1.0,0.5267497498807476,98.39114478473653
3.4581080273211926,0.6837182092798669,0,1,0.6916216054642386,0.6721486869324071,78.49253945902194
1.3455976759768227,1.1794848740799457,0,0,0.2691195351953645,0.021388846675079787,8.221776132247319
5.6929589992811405,0.18612997866779862,0,1,1.0,0.8791849177790979,99.9919058059114
3.0129200524033535,0.9422536374146171,0,0,0.6025840104806707,0.9392241361712067,26.667419521657486
1.5268444168244502,1.1537922879158813,0,0,0.30536888336489004,0.1479547387739707,7.266173886684724
2.5798515020840798,0.8463521385243189,0,0,0.5159703004168159,0.888592494623292,34.29961349006694
2.293387762799178,0.992846391352113,0,0,0.4586775525598356,0.4246834916969604,17.969220227426497
0.5978182769436589,1.3669471392658636,0,0,0.11956365538873177,0.6021543061264543,11.119916091869246
2.996631289586447,0.8345175891359882,0,0,0.5993262579172894,0.9983031557339583,25.55048356231857
1.4981791867228427,1.270780165907987,1,0,0.29963583734456856,0.44968967336933974,42.23871488445559
3.8707044886092534,0.6591042168239492,0,0,0.7741408977218507,0.5574745489756537,43.335860371104054
4.041682679347507,0.7304469703730341,0,0,0.8083365358695014,0.6817968112843865,41.59801453732948
2.9721508085198542,1.0109819368238655,1,0,0.5944301617039709,0.39413324282831175,52.16924758717066
1.6098976973820462,1.195479446824364,0,0,0.3219795394764092,0.8763521130271916,18.707716354015673
2.940871625388508,0.8983284388189458,1,0,0.5881743250777016,0.02596101835392095,39.744758907000765
0.9949205599229138,1.1170356777348711,1,0,0.19898411198458277,0.3152386284010211,35.48092254897774
5.676707408101116,0.2669282604617665,0,0,1.0,0.17935335926455187,90.0
3.65272626655934,0.6926367454930668,0,0,0.7305452533118679,0.1685691443921128,33.91486143898303
3.973104619230126,0.5480107168967158,0,1,0.7946209238460252,0.7119037424413052,75.52430676158778
4.579134887949488,0.2162499364238329,0,0,0.9158269775898976,0.24691649510879043,90.0
5.874299330402232,0.17641614755599758,0,0,1.0,0.12205376708131599,90.0
1.5413356442338877,1.1834625741233846,0,0,0.30826712884677754,0.08466981427528941,6.340474098822525
3.0549615493843056,0.7632156558028357,0,1,0.6109923098768612,0.9541537271191779,78.58041116100055
5.94756152633867,0.15011204297908334,0,0,1.0,0.31813253133349084,90.0
5.76090261992905,0.2874113706888334,0,1,1.0,0.8278703795061738,100.0
1.4000301273035802,1.1608885891564624,0,0,0.28000602546071607,0.6538046593843306,22.141868638175573
1.0221260526108995,1.3681075526378088,0,0,0.2044252105221799,0.27690168974093765,14.913592559214464
1.8689411185625557,1.033594736990924,0,0,0.37378822371251114,0.8203450150475304,23.001511337312238
1.511710798160612,1.1421629837472977,0,0,0.3023421596321224,0.9777235118726436,25.15596466395613
4.848256707577271,0.3636838593878396,0,0,0.9696513415154542,0.1907172530047453,90.0
3.6251458743311997,0.7478484198117761,1,0,0.72502917486624,0.9376821021594702,62.099066190149465
2.7303663536194476,1.0110802466026434,0,1,0.5460732707238896,0.01367765110464414,40.63984193352745
2.453232684236849,0.8825514351257391,0,0,0.49064653684736975,0.08475947327532185,14.863152312177547
4.578848586688361,0.4068744346601362,0,0,0.9157697173376722,0.7621711054836778,90.0
5.320670871980511,0.39644898435296855,1,0,1.0,0.011626601285366633,90.0
5.81246645526196,0.3354042711828208,0,0,1.0,0.2714606630209909,90.0
2.1041232377551538,1.0545648593267278,0,0,0.4208246475510308,0.17441054321641503,16.26862353782643
3.739714173345873,0.6088075058500096,0,0,0.7479428346691745,0.12130470456516362,24.507396274796523
1.4653129885602287,1.301857488132657,0,0,0.29306259771204574,0.07411917438595805,4.9156209287131185
0.6910818025727982,1.1575768608395554,0,0,0.13821636051455963,0.9929034908992644,16.794165190731984
2.6760575165819187,0.9429285584739878,1,0,0.5352115033163838,0.7374894844599194,50.220650100991534
1.204742721377882,1.0907096603572561,0,0,0.2409485442755764,0.13101455443361443,10.793535116353626
4.3444180949596705,0.6828027852830777,0,0,0.8688836189919341,0.5834154352601241,90.0
5.917553613061955,0.1756691046803729,1,0,1.0,0.8758857213669513,90.0
3.3835729085611317,0.6218391193904604,0,0,0.6767145817122263,0.8848030809601958,33.73310898709012
4.48087376596132,0.5994160009870726,0,0,0.896174753192264,0.46006623895795096,90.0
4.803428993601064,0.5258853077354771,1,0,0.9606857987202128,0.06662208736746145,90.0
3.3382795228798603,0.8703635717818007,1,0,0.667655904575972,0.46619023015553385,45.67515254411607
4.100216401053031,0.5758362914755462,1,0,0.8200432802106062,0.013444043983416254,47.12441093372056
1.6254400990746092,1.2298682484970516,1,0,0.32508801981492186,0.9310285962775626,48.36770074160894
3.541207914678408,0.7851236534024207,0,1,0.7082415829356816,0.12287557989415265,73.15209208520045
1.9018507602615098,1.1173659057893257,1,0,0.38037015205230196,0.37699323536663487,43.697921523011345
5.570150247512817,0.31963378579189267,0,0,1.0,0.888107919011472,90.0
3.104468057943898,0.8783887793672018,0,1,0.6208936115887795,0.44683423051992865,70.91715685553957
1.4521899154083568,1.1951274813033932,0,0,0.29043798308167135,0.03598982886866786,6.2075628579274245
5.073632241006739,0.2436604336353267,1,0,1.0,0.9803220727278259,90.0
3.8896048463995356,0.688737079615692,0,0,0.7779209692799072,0.8616326062455474,36.22305521654024
1.3290282401305866,1.1685213554423322,0,0,0.26580564802611734,0.9176331909217101,22.004274362952327
0.9296032881313592,1.38392578479847,1,1,0.18592065762627183,0.7533881149198358,47.90131851659696
5.839350448129663,0.17878179582329845,0,0,1.0,0.350718509454251,90.0
2.0036115496257825,1.115341890825492,0,0,0.4007223099251565,0.7227272780446271,25.367331871164644
5.801743839635579,0.1082055015991182,0,0,1.0,0.8956692126378931,90.0
4.8434160506580195,0.467608686500265,0,0,0.9686832101316039,0.20022093578866607,90.0
1.122713574633971,1.2143254919823263,0,1,0.22454271492679417,0.37908672304885216,36.28978230326606
0.5527210207941701,1.3276818983647616,0,0,0.11054420415883401,0.5932594701753773,11.328065512493351
1.5414124799642224,1.2362414913487527,0,1,0.30828249599284446,0.49793805339560626,36.81487609027451
2.693601381618657,0.893361999309172,0,0,0.5387202763237313,0.48694071323924826,26.571302768966042
4.8472838767556565,0.4176244531788424,0,0,0.9694567753511313,0.9816106556424329,90.0
5.070964240461273,0.367595243809883,0,0,1.0,0.2087425334283899,90.0
5.693463878105529,0.27213541835229077,0,0,1.0,0.21675771132198496,90.0
3.720327233645938,0.7862059421339067,0,0,0.7440654467291876,0.09966115273124865,22.48582692741683
2.804465269206271,0.8856325395297066,0,0,0.5608930538412542,0.7683649926926005,31.26276049233412
2.088561864557848,1.093200517957594,0,0,0.4177123729115696,0.15280580931828325,6.914090078573775
3.9476949168944335,0.5841612881468017,0,1,0.7895389833788867,0.01929913222698476,67.01404105240846
4.093875582958992,0.723938584360995,0,0,0.8187751165917984,0.8472094875733885,37.19448175758062
3.2056721043514615,0.7665254245745698,1,0,0.6411344208702923,0.9659502051125735,61.77222684391682
3.3287956340042237,0.8975804394803721,1,1,0.6657591268008447,0.3245519060324997,87.50085640956036
4.892875156134514,0.4417705819621062,0,0,0.9785750312269028,0.9313583672064593,90.0
1.3034988487519734,1.3108904615349448,0,0,0.26069976975039466,0.5629815045152657,24.524407952796274
1.5294823494366965,1.115330974750454,0,0,0.3058964698873393,0.2816006102352514,12.735520234192576
0.6093394978350422,1.4128772761033843,0,0,0.12186789956700843,0.9689017171140379,19.010746601214315
4.3203418639470055,0.5885265546273131,1,0,0.8640683727894011,0.8950327516051695,90.0
4.346583761532717,0.47137506801596385,0,0,0.8693167523065434,0.2967062891698996,90.0
3.595235389408424,0.7669611716708657,0,0,0.7190470778816848,0.6027298005076018,31.917924390352805
1.528002441548925,1.022101065649985,0,0,0.30560048830978503,0.06331924697232094,13.015460118500583
5.922789264207796,0.2017745987846596,0,0,1.0,0.3562482530875838,90.0
4.205628554423723,0.6483171113407842,0,0,0.8411257108847445,0.2799875494540973,38.06358321419101
0.6584075381313343,1.2333139838545906,0,0,0.13168150762626687,0.3088438091424591,1.4344039696755067
2.234042822071574,1.0219395706327945,0,0,0.4468085644143148,0.7051889789173547,24.63672602384497
3.4554676207478243,0.8310604392398417,0,0,0.6910935241495648,0.28895781914071716,16.130052014262404
1.2740884986513428,1.252638538876004,1,0,0.2548176997302686,0.16952016032946238,27.404561860314022
4.6613137406162,0.556331821595734,0,0,0.9322627481232401,0.09257606705209875,90.0
4.419325763401032,0.527225248558264,0,0,0.8838651526802064,0.8704051699420998,90.0
1.437382610339978,1.2807481935946845,0,0,0.2874765220679956,0.8163977263615706,19.698504788896564
5.62747311360992,0.23253575472464014,0,0,1.0,0.2578700035480086,90.0
1.0182230831112906,1.3366425128523702,0,0,0.20364461662225813,0.4333808481149408,12.134462079581384
3.0240408836430444,0.7414493562251729,0,0,0.6048081767286089,0.8133433290451083,40.795810772574626
1.043141327749286,1.333133453894551,0,0,0.2086282655498572,0.8883258147026221,24.32292074381302
4.716838031084154,0.502074285270115,0,0,0.9433676062168308,0.8646777525856504,90.0
5.593040796817879,0.24671594896057386,0,0,1.0,0.15650789908045648,90.0
1.874412571770506,1.2397784032705679,1,0,0.3748825143541012,0.5181849423431099,40.46017799106483
3.369986357607906,0.8613056099923225,0,0,0.6739972715215812,0.09766631812612292,36.46938960610898
1.0585613188604834,1.1915503722570209,1,1,0.21171226377209668,0.9758933378958987,64.67186526322743
5.664947176878611,0.2597774555651407,0,0,1.0,0.8884317051440961,90.0
5.1820886161363315,0.48262057172843176,0,0,1.0,0.7532364143087609,90.0
2.83945400880776,0.870083799788519,1,0,0.567890801761552,0.9159920013620774,58.2675688570741
2.1381750620735653,1.0190821413846776,1,0,0.4276350124147131,0.8292866775305141,44.191311806847196
4.513277431868679,0.5071963547042594,0,0,0.9026554863737358,0.35814686640169313,90.0
1.561139399610374,1.1117049665085814,0,0,0.3122278799220748,0.568970033761241,17.340891343180967
5.412636237029631,0.4224797564662904,0,0,1.0,0.6893388222000828,90.0
0.8833926055792864,1.3358157734149831,0,0,0.1766785211158573,0.012642601400018494,8.326846300913273
1.6948561486448424,1.184118468643204,0,0,0.3389712297289685,0.7048361975173365,24.761118231308636
1.354706208064585,1.1491270726291276,0,0,0.270941241612917,0.653565152681102,20.23794382746722
1.3022801982464285,1.1715529072682331,0,0,0.2604560396492857,0.39514910849763674,12.80951734123942
4.095843079601976,0.7167467821407795,0,0,0.8191686159203952,0.04884162332074393,28.08060102383187
5.328678601997834,0.33193397030211225,0,1,1.0,0.886932396317172,99.81473635526775
2.7596374761450035,0.7771216180072065,0,0,0.5519274952290008,0.13228370800960543,17.643058660501456
1.127631164527282,1.1888639304198447,1,0,0.22552623290545643,0.987595774513281,38.47560812135455
2.548568213041203,0.7823125535692617,0,0,0.5097136426082406,0.9450791978078319,30.119953166262675
5.927458749893157,0.09315203743418332,0,0,1.0,0.45651175672179023,90.0
1.994320388930926,1.003726826758197,0,1,0.3988640777861852,0.3288330468811903,37.84281423474678
5.320361011633393,0.379031362869861,1,0,1.0,0.4628306571988078,90.0
5.940909312382824,0.2261489180100818,0,0,1.0,0.5231780098395007,90.0
5.583307354477731,0.2989705126302979,0,0,1.0,0.03562979539013933,90.0
5.646103211752495,0.12431405101889367,0,0,1.0,0.8365201944475789,90.0
4.979793824717923,0.29982136602181075,0,0,0.9959587649435846,0.8336075586882403,90.0
0.9808798362150335,1.289977480340826,0,1,0.1961759672430067,0.03161501127124211,36.599313240737544
4.753657235458248,0.39899226531977605,0,0,0.9507314470916496,0.029038782659774443,90.0
0.7227537756505573,1.4391269561017197,0,0,0.14455075513011145,0.7998294540499016,18.86267217020221
3.8577839572300054,0.6950825511226428,0,0,0.7715567914460011,0.6208741875568012,30.98636859866806
5.830831717519209,0.37671318759767425,0,0,1.0,0.7693791464631726,90.0
4.388010583044447,0.5391589160889169,0,1,0.8776021166088894,0.8972965885332946,90.0
0.6159436323569533,1.4708969287384344,0,0,0.12318872647139065,0.34031740429819146,5.866704820184214
2.274075801482976,0.9109256574102865,1,0,0.4548151602965952,0.40014955390584517,40.97438950282112
5.417300369861795,0.5564646710915946,1,0,1.0,0.1694667088884395,90.0
3.1026826645495778,0.8109665878290953,0,0,0.6205365329099155,0.11432311411912521,24.623228129198317
4.5716763491579,0.4354984693955864,0,1,0.91433526983158,0.34045069554360574,90.0
2.2158434833783143,1.0267047809035132,0,0,0.44316869667566283,0.9933608550547434,33.79595426043048
0.976732086329569,1.2606878514711675,0,1,0.19534641726591379,0.9733791957751172,45.47958007223989
1.9419015072483967,1.0505721724744315,0,0,0.38838030144967933,0.405225782929334,19.81278606526
0.719627040960851,1.3053873094157407,0,0,0.1439254081921702,0.7462660613322051,18.32718770246103
1.7047109890313217,1.1397442874361845,0,0,0.34094219780626434,0.4452947723752104,17.145454194779315
2.40301327134752,1.1008073584548506,1,0,0.480602654269504,0.5241115412269551,43.41195109356974
0.6805948599613267,1.4311541778399404,0,1,0.13611897199226536,0.6306084716506094,33.8916911316198
5.637854390861535,0.22783269201932455,0,0,1.0,0.17010688201207602,90.0
3.222013826271633,0.8389513210625518,0,0,0.6444027652543266,0.9419105448514798,36.53279186977435
5.32343857035692,0.3272413387739957,0,0,1.0,0.3608068262457512,90.0
5.0449756559625225,0.4962717357997174,1,0,1.0,0.4879576397907488,90.0
4.757339388203638,0.48057312571242616,0,0,0.9514678776407276,0.3270996654000793,90.0
2.3098454929550023,0.8938059566233155,0,0,0.46196909859100044,0.35363786314011036,22.99444478097399
3.3868246990307034,0.8612243339727729,0,0,0.6773649398061407,0.12642622715502805,33.54980860563335
4.684441477870924,0.43315308121800983,0,0,0.9368882955741847,0.5333268427529364,90.0
4.1271959409820855,0.5878560305185776,1,0,0.8254391881964172,0.14908974876824777,48.253024859658936
5.917686147532779,0.2190385223064848,0,0,1.0,0.9414111814185012,90.0
3.4279311958442644,0.7125898401239695,0,1,0.6855862391688529,0.5218330484948498,75.53448916023345
1.2738248312341045,1.2119493468166207,0,0,0.2547649662468209,0.4189408420801276,9.138780604298287
4.7863494592571785,0.4750727617308379,0,0,0.9572698918514357,0.9947536880619715,90.0
5.005262507633977,0.3367401296030871,1,1,1.0,0.989206525798093,100.0
2.6809657516046626,0.8819116123469847,0,0,0.5361931503209325,0.8529243581784497,30.712829916613618
4.783909548064145,0.4671159335428247,0,0,0.9567819096128289,0.8413083514997018,90.0
4.22454551687232,0.5978987360227638,1,0,0.844909103374464,0.3811476533610507,62.80214282549875
4.77703413322729,0.5290874248737315,0,0,0.9554068266454581,0.8887357893866253,90.0
3.0540367610012256,0.661794347382329,0,0,0.6108073522002451,0.11984066154120387,23.97766740664202
5.335999526506001,0.27536277411827964,0,0,1.0,0.1845350507366441,90.0
2.0026192832762786,1.1916385948537742,0,0,0.4005238566552557,0.7684105431140342,22.524725664925455
4.668657567833913,0.5751406234577735,0,0,0.9337315135667825,0.6149100858019407,90.0
5.022999325968368,0.2766946210395558,0,0,1.0,0.6974990360370945,90.0
3.116865854541047,0.8534600131761818,0,0,0.6233731709082094,0.9842497664912904,40.27853384325242
5.129213650993188,0.32032035497327743,0,0,1.0,0.538475976662706,90.0
1.3023908556580799,1.3752729642352688,0,0,0.260478171131616,0.8756533876745859,25.136609125751455
1.0970972958654515,1.2157836254581154,0,0,0.2194194591730903,0.7650431899704897,21.053943503644888
2.72819340335273,0.9055205042584477,0,0,0.545638680670546,0.1102329087212327,25.06522791873509
4.841587984040585,0.39714452322543986,0,1,0.9683175968081169,0.37143395064673235,90.0
5.061701211094147,0.4282094808886151,0,0,1.0,0.3025039603514116,90.0
1.224739887283698,1.1306621459632993,0,1,0.24494797745673963,0.01200916308426414,26.780823650931975
3.4750589730801424,0.8009451552391379,0,0,0.6950117946160285,0.4716528013283886,31.98228780374887
1.9789736750881477,1.0545259396606403,0,0,0.3957947350176295,0.30729364324229314,16.007695420730293
3.434813208389853,0.8358737718975855,0,0,0.6869626416779706,0.2511122868190061,21.49721525641242
5.535342007941831,0.3023568115071682,0,1,1.0,0.9324277829788153,100.0
5.831315689434132,0.25387116965558376,0,0,1.0,0.8880803822588051,90.0
5.278789375466625,0.40300540097195664,0,0,1.0,0.4274310711602143,90.0
1.123690800396998,1.1350074348340227,0,0,0.22473816007939962,0.9914018630496114,13.596783132794911
1.842752514437985,1.1046351567822184,0,0,0.368550502887597,0.7718921463252545,18.83134705544446
3.3415992040073146,0.8847354628652471,0,0,0.6683198408014629,0.8841944712283692,39.592950166768716
0.5956380860898864,1.426447342920228,0,0,0.1191276172179773,0.9815413930443128,18.253156034950944
1.5962812242281559,1.1421697059964773,0,0,0.3192562448456312,0.7385594981157951,26.639044591318537
1.9583195121935586,1.0679404715056777,1,0,0.39166390243871174,0.9562261970761539,46.588928202590786
5.3375978068702965,0.20925528893127024,0,0,1.0,0.5381434300814544,90.0
0.9803005490715802,1.277814369927493,0,0,0.19606010981431604,0.6738379611669769,20.098051705083957
1.6587835436666578,1.0944252716379395,0,0,0.3317567087333316,0.7305600808974653,25.82938249062766
5.810019981418919,0.08104764498514741,1,0,1.0,0.9707281639857944,90.0
1.9013579565221732,1.1079311380699586,0,0,0.38027159130443466,0.4432859860792395,4.929054201807062
2.956968557944305,0.6830518794409033,0,0,0.591393711588861,0.278628333089757,25.99411730961908
2.663964842729997,0.9157743390555931,0,0,0.5327929685459993,0.8037549475691906,26.280345214328012
2.9860455839289464,0.9531172323878243,0,0,0.5972091167857893,0.43460236871799185,27.759785593124278
2.7975490698135945,0.8311244322655514,0,0,0.5595098139627189,0.35910994296759713,27.106700832129782
1.7670615230131321,1.2186632200526386,0,0,0.3534123046026264,0.9887604058942617,28.63114031282306
3.766199005881904,0.7628582400393853,0,0,0.7532398011763808,0.1961393497338716,27.934998767790546
3.0757836905270532,0.824342929213065,0,0,0.6151567381054106,0.8423567877183821,38.714850636031834
2.0650846186888145,0.9651783635814253,0,0,0.4130169237377629,0.04283732118899841,15.904487991218128
4.216850299953918,0.4927064547005962,0,0,0.8433700599907835,0.41555953212331653,34.848251990663954
2.6138646537719024,0.9931742482147234,0,0,0.5227729307543805,0.931022279070994,35.227963128476176
4.274283040530462,0.5879230676634338,0,0,0.8548566081060924,0.8897137201243975,90.0
2.905487103594381,0.8795416124675548,0,0,0.5810974207188762,0.7907481185774762,34.337137755182994
0.9151285293321593,1.303910512303502,0,0,0.18302570586643185,0.42311343099578624,9.729893815346312
1.2546947738553627,1.276866057601009,1,0,0.25093895477107253,0.5065538158814177,32.761364699556225
0.6796026902681143,1.3420307616629599,0,0,0.13592053805362286,0.605003061338033,13.081098239322742
2.6567032024273356,0.9375103723617851,0,0,0.5313406404854671,0.5129788419143418,24.797307591094604
4.562641294590039,0.5766636229506857,0,1,0.9125282589180077,0.4579191671996209,91.07728501647118
1.2017518160805742,1.1527208584408872,0,0,0.24035036321611486,0.3377557614935853,12.730725417096027
0.8940783782731656,1.2703530448404527,0,0,0.17881567565463313,0.20108348840604595,13.468408466569356
1.184328572989673,1.167704963084479,1,0,0.23686571459793462,0.44114359936907654,33.373926392418795
2.986514373147113,0.8929407062035508,0,0,0.5973028746294226,0.3324477182476383,18.910553866060614
3.7523842438925294,0.7223355314381528,1,0,0.7504768487785058,0.3883931803838869,53.418987230122255
3.267625685412302,0.8170509964645245,0,0,0.6535251370824604,0.7761165984135006,35.79381922439283
2.8740846942667853,0.7941087396953952,0,1,0.574816938853357,0.4929924291045318,40.551833400211265
1.6467196122484329,1.2713897276608377,0,0,0.3293439224496866,0.7411070416296808,31.463045798496847
1.925040129601612,1.1830220058850724,0,0,0.3850080259203224,0.7690232387826479,22.442641511137662
4.172658138591945,0.4634737815918854,0,0,0.8345316277183891,0.6508834851238695,40.77761431313556
1.477890862108868,1.1855394726595674,0,0,0.2955781724217736,0.7467467725125942,20.237221497353467
3.5946672936098323,0.6519991322231111,0,0,0.7189334587219665,0.20316003836420893,24.89640390893072
0.871551639006279,1.3962493013028963,1,0,0.1743103278012558,0.7066877084605435,36.32447796103491
1.5601360572699177,1.067373666689083,1,0,0.31202721145398354,0.7731386728852775,46.21769117104276
1.0496529861274073,1.2403662562625197,0,0,0.20993059722548146,0.366303145262339,15.636864919240196
4.04993008250923,0.6243318727399642,1,0,0.8099860165018461,0.4718429748376137,58.36777612808583
5.278679134906402,0.4171878610464621,0,0,1.0,0.6416865079747998,90.0
4.443372955851324,0.435443734134208,0,0,0.8886745911702649,0.4956613440350883,90.0
5.2868096900475186,0.3314456303876618,1,0,1.0,0.7438621448859984,90.0
1.2702157719539366,1.1289831169800062,0,0,0.25404315439078734,0.15161063793047602,14.130066885701543
1.0064427121799087,1.249608928211744,0,0,0.20128854243598174,0.617740500624998,15.368592892573517
1.2738930695406583,1.2641166524905614,0,1,0.25477861390813167,0.5229873081917097,31.439500494276174
0.7377273327977845,1.2898081357285405,0,0,0.1475454665595569,0.4698899080414396,11.321153493459184
2.6104719609569997,0.8994433937910846,0,0,0.5220943921914,0.13523982798472256,18.341941350944712
3.7745535160189143,0.5755758171481384,0,0,0.7549107032037828,0.40014546728455913,29.72610792387769
3.7606860269072184,0.5182643610491267,0,0,0.7521372053814437,0.026693158586854282,26.382187776671472
3.0622945089922147,0.9124682061369771,1,0,0.612458901798443,0.4191050862867066,48.43459537565932
3.706535656525032,0.718453818647148,0,1,0.7413071313050064,0.008486012083443017,63.81984910674334
1.6917633419395146,1.1685853614933086,1,0,0.3383526683879029,0.5969639657164428,44.707131466427995
3.629756161915208,0.702717188463244,0,0,0.7259512323830416,0.27332958312466293,27.338836985835144
4.021910404637554,0.7067529097196372,0,0,0.8043820809275107,0.9848659403448428,42.52096069610027
5.511246735715459,0.21206629713109673,1,0,1.0,0.9816094273320143,90.0
4.413320951715002,0.6650010371445558,1,0,0.8826641903430004,0.7616813559803183,90.0
5.661007583546427,0.2820148330162105,1,1,1.0,0.21096928971169937,100.0
3.2716095424833433,0.6903901294264821,0,0,0.6543219084966687,0.3334570205316473,31.115364059993226
2.9283528308097577,0.6526768300673358,0,0,0.5856705661619516,0.1589650940226306,28.736791612221136
0.7604248752976168,1.3610225909846827,0,0,0.15208497505952337,0.10855535777264846,1.6984955774871668
4.621096983020877,0.5023110341094328,0,0,0.9242193966041754,0.2895427477937049,90.0
3.3803411244921997,0.7980589245454558,0,0,0.67606822489844,0.673516527472109,31.303072383552497
2.830295982632734,0.7578694657993248,0,1,0.5660591965265468,0.07344469100576145,41.14049215270931
2.0615456981543687,0.9822055507422013,0,0,0.41230913963087373,0.9128586899643873,24.84004760385503
1.6121829810243533,1.3158945975191527,0,0,0.32243659620487064,0.19197550585923784,16.840674730242114
3.185206475595812,0.9035949913549983,0,0,0.6370412951191624,0.08851905256306758,21.880563383802585
5.4948466877512665,0.3825601558592201,0,0,1.0,0.5394265145762364,90.0
5.233861178981825,0.3305150904306386,0,0,1.0,0.938883315070567,90.0
5.959985407764954,0.2711550197425358,1,0,1.0,0.6196641516197087,90.0
5.545490917859021,0.20393159898429902,0,0,1.0,0.577657996066007,90.0
2.91262276423907,0.7339405425860756,1,0,0.582524552847814,0.18923760254524824,53.57008589672413
4.944081119845309,0.47681096168369796,0,0,0.9888162239690619,0.517014723886716,90.0
1.5817753876977376,1.2080152304125968,1,0,0.3163550775395475,0.18077595484072684,38.897710617542614
4.90087030165638,0.5327106202020622,1,0,0.9801740603312761,0.4660035143530129,90.0
4.0015256944730035,0.5476901326332989,0,0,0.8003051388946008,0.07991510934660673,26.918649739798262
0.5030480152188965,1.2605371805443477,0,0,0.1006096030437793,0.4860034482382267,15.871444766392466
2.738967350484617,0.7939863496328841,1,1,0.5477934700969234,0.8480279026572813,77.30660968360435
5.5616514881501145,0.41075865648728116,0,0,1.0,0.8906785956054708,90.0
4.439820649911824,0.5645238582014438,0,0,0.8879641299823648,0.7856017924230225,90.0
5.452068122911795,0.34587500889869083,0,1,1.0,0.4788328158316816,90.26389394253962
1.7557609558831848,1.2372157042161631,0,0,0.351152191176637,0.931224759178898,21.51716756406382
5.176995332118177,0.29298275259376483,0,0,1.0,0.8381759206857385,90.0
0.6190162871984006,1.424566456767508,0,0,0.12380325743968013,0.7461505038267879,12.375165691937738
0.778307629169926,1.3094380844215547,0,0,0.1556615258339852,0.1686282108850954,9.367648711086987
5.86927191185536,0.15286442457111613,1,0,1.0,0.6991931979813764,90.0
3.3884668446382324,0.7364023798834952,0,0,0.6776933689276465,0.39366341405564076,22.704596333595063
1.9996739464747921,1.03140069432136,0,0,0.3999347892949584,0.6221976462801331,27.889899184527486
0.5667560207336029,1.5529521251603025,1,0,0.11335120414672058,0.7651902029810298,34.745698647143946
3.787278664689254,0.65342980353647,0,0,0.7574557329378508,0.04924440140828912,30.058388320547632
1.2501196611352223,1.2158552593516887,0,0,0.25002393222704444,0.624400487472163,18.07204825418992
4.236473344569056,0.5215809909375684,0,0,0.8472946689138112,0.7203242773264015,40.39720897774888
5.064768554254252,0.4029838302824745,0,0,1.0,0.8433916463290707,90.0
5.680016979305997,0.15478757973186402,0,0,1.0,0.8978310796014195,90.0
1.322787108811571,1.16533411660454,1,1,0.2645574217623142,0.4274938719943202,59.081076599407055
2.5077785975804194,0.959259380637845,0,0,0.5015557195160839,0.15288884564479632,25.470657441311943
5.146346981592589,0.4352681980042669,0,0,1.0,0.3100018527823053,90.0
4.613407397143458,0.5650986453097406,0,0,0.9226814794286916,0.7529485996631107,90.0
1.3331516216647699,1.1722298506977384,0,0,0.26663032433295397,0.6864198939976419,9.65495956768728
1.687265187127187,1.1557655540995986,0,0,0.3374530374254374,0.06893270212408908,13.493745295264285
5.2546229698980556,0.40812848983851197,1,0,1.0,0.7247094874643776,90.0
2.949257900230635,0.8552595747951774,0,0,0.589851580046127,0.3407634893488872,20.84286258089614
3.0729786289953442,0.7759971431757042,0,0,0.6145957257990688,0.23792416224498347,17.773234862706836
5.937611052027068,0.0815491613270999,0,0,1.0,0.021806793124395596,90.0
4.237547655090088,0.4671278808562568,1,0,0.8475095310180176,0.29380202881550743,54.8001159806446
5.054688555212955,0.4503503426854,0,0,1.0,0.8364458962596129,90.0
0.8010679975046531,1.3675246985391871,0,0,0.16021359950093061,0.08245807798395388,12.15618506697573
4.547709609477723,0.5478396098468771,0,0,0.9095419218955445,0.21158213457049135,90.0
3.8773574160006907,0.723922183002676,1,0,0.7754714832001381,0.07727172626717704,52.153595312368644
2.3879693638982227,0.9734484035080408,0,0,0.47759387277964455,0.4074356527661438,30.7580600252164
2.645210527098678,0.887845957616814,0,0,0.5290421054197356,0.8562440416916203,36.423330652530424
5.783304455068867,0.14579431697535364,1,0,1.0,0.8443335491993377,90.0
4.712187672203552,0.4304094730734462,0,0,0.9424375344407103,0.7781256612865217,90.0
5.416881155357095,0.2864957759746209,0,0,1.0,0.3743255646128538,90.0
3.051019453222147,0.8383322541635907,0,0,0.6102038906444294,0.7098270749198761,36.761322184728954
3.400898467110754,0.6817920949987795,0,1,0.6801796934221508,0.09324491922135836,65.32845579491267
1.949312978568977,1.0483355867394824,0,0,0.3898625957137954,0.5963276050038621,24.718234226731436
2.7868389586748923,0.8705373227375637,0,0,0.5573677917349784,0.6707257400787232,29.20641072635264
4.039985834657913,0.6080166367525407,0,0,0.8079971669315826,0.0627215909013884,34.7712482292624
2.418766969873475,0.9726597725755055,0,0,0.483753393974695,0.213712974852579,23.72276229953266
1.9696400221611299,1.0737825409099755,0,0,0.393928004432226,0.4531734118938824,14.261707503366464
5.306489813318418,0.41304095982721667,0,0,1.0,0.5755771256984202,90.0
3.0483089585045016,0.9182130332500049,0,1,0.6096617917009003,0.39825640915701155,69.72691114871682
1.6351270823649942,1.0622453476644835,0,0,0.3270254164729988,0.3965637167970809,17.90461826072682
1.1116911625121846,1.2611419426822637,0,0,0.22233823250243692,0.660386440271344,16.834586965603528
1.1286207462831093,1.1956505476526522,1,0,0.22572414925662185,0.20152700291824244,29.342754554632652
2.3772008226944137,0.9840320988251755,1,0,0.4754401645388827,0.2100529201793052,41.52968919587825
4.811543108656016,0.5318734909644095,0,0,0.9623086217312032,0.7356975053062538,90.0
1.9850136461665742,1.1336673415704988,0,0,0.3970027292333148,0.7026394640066841,23.040754685574804
5.999586547582471,0.05,1,0,1.0,0.7310758817345485,90.0
3.0477630057496587,0.9084581709678179,1,0,0.6095526011499317,0.10849834507043843,36.56856347714486
2.8559265609723288,0.9048158260838085,0,0,0.5711853121944658,0.026057885985593,20.260038517528706
3.6096183805455775,0.6856327603231485,0,0,0.7219236761091155,0.2884583504181284,36.06887610492547
1.8696097915872394,1.0501144369704314,0,0,0.3739219583174479,0.23704150891868003,18.67155421175309
4.758047704428786,0.5172903196953874,0,0,0.9516095408857572,0.9831622899114084,90.0
1.8464645220627456,0.9754331854515248,0,0,0.36929290441254914,0.3786906633330023,14.927902161248113
4.32187897194004,0.5639023383733047,0,0,0.864375794388008,0.055390730020939194,90.0
3.889959779794637,0.5641441129217644,1,1,0.7779919559589275,0.8130869641138196,100.0
2.1781005461664518,1.0845189038055338,0,0,0.43562010923329036,0.009475131261696523,16.054096829591103
0.5200568653157195,1.4482896420829428,0,1,0.1040113730631439,0.11790631182028422,28.523284323625703
1.775917417410286,1.1356204518359345,0,0,0.3551834834820572,0.5203722164409679,28.109982989133613
5.187925641761088,0.42793804401132884,0,0,1.0,0.11924491131926118,90.0
2.7499181901135255,0.7415272709061653,0,0,0.5499836380227051,0.5496842558532362,21.12869855248385
0.9295736721150206,1.2401220281046097,0,0,0.18591473442300413,0.07090792233184173,12.73135709489718
4.721286824674502,0.45891564000777746,0,0,0.9442573649349004,0.2172334745924347,90.0
4.675000287678149,0.48102606216877597,0,0,0.9350000575356298,0.7510329615376086,90.0
2.3680851475932547,0.8258863337102196,0,1,0.4736170295186509,0.6667560613073773,40.86671083642595
3.0937042785182793,0.8687776260754182,0,0,0.6187408557036559,0.03791694407363333,27.11598293335687
3.0124897941347593,0.7946818950985326,0,1,0.6024979588269519,0.8369034453166548,77.35163988418329
4.15776461810408,0.5401774256345193,0,0,0.831552923620816,0.29259644362394277,32.119717082190526
3.534845349687226,0.7595813971004262,0,0,0.7069690699374452,0.2505014246959396,24.00124258006042
2.541158301703026,0.9265524831612122,1,1,0.5082316603406052,0.6476595856402947,66.44196276404652
5.5425281061288105,0.2569373940397668,1,0,1.0,0.6826418014450607,90.0
1.8905991169113452,1.213505085715895,0,0,0.378119823382269,0.3344461868783247,13.460498070436795
2.3785146430774695,0.8645652988711267,1,0,0.4757029286154939,0.21046221714200342,39.03212617464274
2.5130736551208313,0.9457731574802076,0,0,0.5026147310241662,0.4516366846832235,20.13184168671701
2.8922750849316925,0.8302339277197108,0,0,0.5784550169863385,0.7153532125002056,29.827704357105446
2.5504549406176302,1.0324107465494863,1,0,0.510090988123526,0.1922917232310798,44.68237015623571
0.8768929317834347,1.3317952584691881,0,0,0.17537858635668696,0.2733123586537196,11.79196119772757
2.137459164321843,0.9003598015098686,0,0,0.4274918328643686,0.2990802116554113,21.07270365292427
2.9880579736281536,0.8631392105413133,0,1,0.5976115947256307,0.49547156306533335,47.08631900979164
5.677841194998338,0.26540916687281313,1,0,1.0,0.36564216270421135,90.0
0.7501287321832031,1.462453598808454,0,0,0.15002574643664063,0.4441590723125003,14.475313937798296
1.472747666516536,1.099721569300562,1,0,0.2945495333033072,0.29140226628824484,36.48789245047277
5.179984771830498,0.3264446048745573,0,0,1.0,0.9853447186873107,90.0
3.734613637505813,0.7119490351018342,0,0,0.7469227275011626,0.9253280538641637,33.60975124678233
5.3094441351338775,0.22911257038537716,0,0,1.0,0.5349047841897949,90.0
3.0264050423003774,0.6750733652742495,0,0,0.6052810084600755,0.20445132623253004,24.373299909760497
4.281828055465863,0.5716859399521244,1,0,0.8563656110931726,0.5002645074774619,90.0
5.1993262818019,0.22857122564015644,0,0,1.0,0.890811894313803,90.0
0.7258650556063637,1.3234927324148802,0,0,0.14517301112127273,0.22126999862588093,6.340809783189847
1.5770377687033674,1.1245346177810158,0,1,0.3154075537406735,0.7557141336010847,40.65866978105814
4.843346866735331,0.3117836404532691,0,0,0.9686693733470662,0.7786521510749094,90.0
5.394986154196227,0.29217015919343337,1,0,1.0,0.8614748123426943,90.0
2.31163027092628,0.9598590798559238,0,0,0.462326054185256,0.02554740112160414,16.112797052391578
2.7348011017569895,0.8911969637369492,0,0,0.5469602203513979,0.877598373161419,31.010295146079432
2.8982707134204007,0.9122762084521499,0,0,0.5796541426840801,0.5462479676028885,22.164887803301827
1.8063767301643785,1.0949098218303381,0,1,0.3612753460328757,0.11580488934740774,42.47347875658811
2.340657554914997,0.9152202743461199,1,0,0.4681315109829994,0.484425470834399,41.844622333932655
3.4577392778703526,0.7461961488922981,0,0,0.6915478555740705,0.2653063701204189,25.44664435119592
4.171515497838855,0.6370391937556957,0,0,0.8343030995677709,0.7188779803941351,31.530375017830934
5.36131861592235,0.47297296324609645,1,0,1.0,0.8349740733648903,90.0
1.4769090070036122,1.2109981100129394,1,0,0.29538180140072245,0.6437404583772466,36.10739769372441
3.390190766151246,0.8450900079567696,0,0,0.6780381532302492,0.3934805505886262,26.276385475054198
5.806527190097363,0.27718046999833207,0,0,1.0,0.7171868897252714,90.0
4.597940941392199,0.4765014558055223,0,0,0.9195881882784398,0.3799561251474085,90.0
0.7456301588247307,1.251136085856076,1,0,0.14912603176494615,0.5447796153700997,26.949912720279976
5.930235520592458,0.19443545916124602,0,0,1.0,0.44114882504680186,90.0
4.949601982466836,0.5630382647347316,0,0,0.9899203964933673,0.8756993729425655,90.0
3.029023370000484,0.8666825616949497,0,0,0.6058046740000969,0.5480330722215929,28.112343796871254
2.6002946372897524,0.9559297393758098,0,0,0.5200589274579505,0.8954453137667079,36.76861891846176
0.695082719379166,1.3182784598299875,0,1,0.1390165438758332,0.1517066155038984,30.876226569212317
3.618227616013456,0.7654844954279773,0,0,0.7236455232026912,0.7575269941328445,39.84698231804765
5.125652007665765,0.31662017692962935,1,0,1.0,0.02446470275893342,90.0
2.494393233720041,0.9404484065260391,0,0,0.4988786467440082,0.20328955543595617,20.2463215342478
1.0109484297176565,1.2698626666735657,0,1,0.20218968594353132,0.8755566543496063,39.48315125516048
5.317636589949286,0.28578907451433133,0,0,1.0,0.06981630148556195,90.0
3.5618261895146928,0.6509092981427395,1,0,0.7123652379029386,0.8369393582910502,54.26896674868221
3.6459047693920694,0.725721802591896,1,0,0.7291809538784139,0.595319545782895,57.99841342219744
4.295722413652907,0.6299032075090679,1,0,0.8591444827305814,0.39064065480433907,90.0
3.0956586070605225,0.8506724641769927,0,0,0.6191317214121045,0.017300122740969814,25.774578042737915
4.7819445405187295,0.42151650945045765,0,0,0.9563889081037459,0.15854153559161044,90.0
2.6887820704481316,0.8524966147360132,1,0,0.5377564140896263,0.8839018149601086,47.41726862293683
5.653800484611764,0.15368569863032966,0,0,1.0,0.6795518622851849,90.0
1.798945903655825,1.1145496698206703,0,0,0.359789180731165,0.3805661329472163,8.84645115978251
5.496882167752818,0.4190611734848625,1,1,1.0,0.056952867295681164,97.80491360986761
1.6313736223711341,0.930230685517294,0,1,0.32627472447422684,0.11240471127794882,29.548204960867764
2.9852226582383223,0.8447245500824924,1,0,0.5970445316476645,0.10401029772814074,42.399210621111784
4.819120666974703,0.35958826526576093,1,1,0.9638241333949406,0.5578538491301954,100.0
3.611503512393608,0.7613956982129404,0,0,0.7223007024787216,0.06718519652390131,19.587979332766714
1.889893228400187,1.099723636366029,0,0,0.3779786456800374,0.3881810010456791,13.482181508473744
2.816763535270228,0.8731323953593407,1,0,0.5633527070540456,0.649580944617839,54.50942090026256
0.7769964944636769,1.4046189417938713,1,1,0.15539929889273538,0.2821786456492331,51.32009196653319
3.6645353565414425,0.864864806877583,0,0,0.7329070713082885,0.9095689433445876,32.69026627359883
2.973139147121074,0.7892845235536291,0,0,0.5946278294242149,0.9095385699133887,32.7242220668
4.1905686116467855,0.6430336136484286,0,1,0.8381137223293571,0.62793749329946,86.71869372347479
5.967340908607107,0.3325406661229058,0,0,1.0,0.7646496115903573,90.0
4.7818286216890655,0.38964639647879157,1,1,0.9563657243378131,0.07559587516160127,97.48587028591665
5.650455325464665,0.3375681878932948,0,1,1.0,0.10150385830353548,90.0
3.237607493260068,0.6416018907524463,0,0,0.6475214986520136,0.7166624181336969,30.391523523829697
5.8932566809263305,0.23304457950152116,0,0,1.0,0.5170483546901332,90.0
0.7514963811924997,1.3078621925114078,0,0,0.15029927623849995,0.2802653001744283,10.707010569223078
4.429728840313922,0.44855801519889904,1,0,0.8859457680627845,0.734447277798688,90.0
3.2556131460859383,0.656735126352183,0,0,0.6511226292171877,0.440218972971002,32.753444057022925
2.645622673886632,1.0146900286627616,0,0,0.5291245347773265,0.41176455022637737,29.076753194315586
1.0329068864029245,1.2348275501514907,0,1,0.2065813772805849,0.5993003890163725,43.059622244064464
1.5290963260448918,1.3041645155926171,0,0,0.30581926520897834,0.7346544978530639,24.821823013400014
5.602741041237505,0.3659896987074833,0,0,1.0,0.5320346868333901,90.0
1.4710480573356228,1.064013567319502,0,0,0.29420961146712454,0.4637874557553531,20.894109628057752
1.4944584927069942,1.1400746819441756,0,0,0.29889169854139885,0.19578380686040486,13.809192089692734
4.971781639288195,0.3681293574105794,0,0,0.9943563278576389,0.908382547371264,90.0
